"id","name","difficulty","elementType","isDoableAtHome","description","totalTime","createdAt","updatedAt","creatorId"
1,,BLACK,WOD,false,"""Chipper"" for time: 

100 Kettlebell swings lagom 24/16 kg or individual weights
80 Wallballls
60 Deadlifts 60/40 kg
40 Situps
20 Single arm Devils press alternating 22,5/15 kg or individual weight

Cap 15 min but if your done before 12 min continue to 15 min as a amrap",15.0,2022-04-18 00:00:00.000,2022-08-10 22:02:30.156,cl6jsjxy00006uyo8h2v8fr2e
8,,RED,WOD,false,"5 rounds for time
20 Wallballs 3/2,7m 9/6 kg 
5 Devils press 2 x 22,5/15 kg or individual weights
Time cap 12 min

Very intense for time met-con. Can you push on the last rounds?",12.0,2022-05-10 00:00:00.000,2022-08-10 22:02:30.156,cl6jsjxy00006uyo8h2v8fr2e
17,,RED,WOD,false,"B. 12 min AMRAP
6 Pullups/Band/Ring row
9 Lateral burpees over barbell/Step over
12 Front squats 30/20 kg or individual weight

B. Very intense met-con with big movements. Probably pace a little bit from the start to be able to keep the intensity all the way through.",12.0,2022-05-23 00:00:00.000,2022-08-10 22:02:30.156,cl6jsjxy00006uyo8h2v8fr2e
3,,BLACK,WOD,false,"15 min AMRAP

15 Wallballs 9/6 kg 3/2,7 m
20 KB swings Russian 32/24 kg
5 L + 5 R One arm DB hang clean and jerks 22,5/15 kg
10 Toes to bar/Knee raise 2 for 1
",15.0,2022-05-01 00:00:00.000,2022-08-10 22:02:30.156,cl6jsjxy00006uyo8h2v8fr2e
22,,BLACK,WOD,false,"5 rounds for time:
5 Devils press 2 x 22,5/15 kg
7 Chest to bar pullups/Pullups
9 Burpee boxjump 60/50 cm
35 Double unders/Singel unders 2 for 1
Time cap 16 min

Scaled variation
5 rounds for time:
5 Devils press 2 x 15/10 kg
7 Band pullups/Jumping pullups
9 Burpee box step up
50 Singel unders
Time cap 16 min

High skill met-con with a lot of upper body work. Can you move well all the way through?",16.0,2022-05-28 00:00:00.000,2022-08-10 22:02:30.157,cl6jsjxy00006uyo8h2v8fr2e
2,,GREEN,ENDURANCE,false,"5 rounds (30 min total)

1 min Row
1 min Handstand hold on wall or practice free standing
1 min Fly wheel bike
1 min Turkish get up (1 left and 1 right arm) 16/12 kg or individual weight
1 min Singel unders 25s L elbow side plank + 25 s right",30.0,2022-04-22 00:00:00.000,2022-08-10 22:02:30.156,cl6jsjxy00006uyo8h2v8fr2e
7,,,STRENGTH_OR_SKILLS,false,"5 x E2M
3 Front squats starting at 70% of 1RM
directly into
3 high boxjumps

Tight set up on every Front squat and stay as upright as possible. If your leaning forward consider lowering the weight to establish best possible movement pattern.",10.0,2022-05-10 00:00:00.000,2022-08-10 22:02:30.156,cl6jsjxy00006uyo8h2v8fr2e
9,,YELLOW,STRENGTH_OR_SKILLS,false,"9 x OTM
4 - 6 Ring/Bar dips with 4s eccentric
4 - 5 L + 4 - 5 R Skater squats for quality and depth
40 - 50s Farmers carry with KB or DB

 Strict and with control on the Ring/Bar dips and Skater squats.",9.0,2022-05-17 00:00:00.000,2022-08-10 22:02:30.156,cl6jsjxy00006uyo8h2v8fr2e
11,,BLACK,STRENGTH_OR_SKILLS,false,"4 x E2,5M
1 - 5 Strict Ring muscle-ups/Progression work
or 
Scaled variation
2 - 5 Supinated strict pullups/Eccentrics/Band
2 - 5 Bar dips/Eccentrics/Band

If you still haven´t got the strict muscle up practice the strength and technique on that. A good alternative is also to work on the strict strength requirements for the movement.",10.0,2022-05-19 00:00:00.000,2022-08-10 22:02:30.156,cl6jsjxy00006uyo8h2v8fr2e
1260,,RED,UNCLASSIFIED,false,"Red - Intense

A. 5 x E2M
4 - 1 rep Hang power clean and jerk

B. ""Karen""
For time:
150 Wallballs 9/6 kg 3/2,7 m
Time cap 12 min""	""A. Start at 70% and build the weight from there. Focus on the extension and powerful hip extension on both movements. 

B. Classic benchmark with very high intensity. Be smart from the start so you don´t make to big sets. Excpect some leg soreness tomorrow... ",,2022-05-27 00:00:00.000,2022-08-12 11:30:51.662,cl6jsjxy00006uyo8h2v8fr2e
1268,,YELLOW,UNCLASSIFIED,false,"Yellow - Intermediate

A. 4 x E3M
3 - 5 Sumo deadlift new set up on each rep
5 - 7 Ring pushups with 3 s eccentric

B. TEAM 
20 min AMRAP
60 Kettlebell swings american 24/16 kg (divide anyhow)
30 Situps synchronized
60 Squat jumps/Squats (divide anyhow)
30 DB Push jerk or Push press 22,5/15 kg (divide anyhow)

A. Tight core and make sure to anchor the hips before every rep. On the ring pushups make sure to keep the shoulders tight together with the core. 

B. Team workout with four different movements. Make sure to communicate all the way through and if one of you feels stronger he/she takes a bigger chunk. ",,2022-05-13 00:00:00.000,2022-08-12 11:30:51.662,cl6jsjxy00006uyo8h2v8fr2e
4,,GREEN,ENDURANCE,false,"2 Rounds (32 min)

3 min Flywheel bike
1 min Handstand hold wallfacing/Pike hold
3 min Shuttle run 10 m or Treadmill
1 min Hang from the bar. Try different grips supinated, mix grip and also small swings back and forth or sideways. 
3 min Singel unders two feet, run, one foot etc. Mix it up!
1 min Front leaning rest in the rings/Floor. Best possible hollow ""gymnasty"" position!
3 min Ski erg
1 min Heavy sandbag och Medball hold

Endurance session which will be strengthening the central capacity (heart and lungs) and also the muscular upper body isometric endurance. Maybe try nose breathing on the conditioning movements. ",32.0,2022-05-07 00:00:00.000,2022-08-10 22:02:30.156,cl6jsjxy00006uyo8h2v8fr2e
1274,,GREEN,UNCLASSIFIED,false,"Green - Endurance

A. 16 x OTM
50s Farmers carry KB or DB
50s Front leaning rest rings/Floor
25s L + 25s R One arm overhead KB or DB carry
50s Walking lunges

B. 16 x OTM
50s 2xKB front rack carry
50s Hang from the bar or rings (different grips)
25s L + 25s R Suitcase carry KB or DB
50s Double unders/Single unders

Eight different basic movements in a endurance setting. If this is your third or fourth session this week take it a bit easy today. ",,2022-06-17 00:00:00.000,2022-08-12 11:30:51.663,cl6jsjxy00006uyo8h2v8fr2e
6,,,STRENGTH,false,"4 x E3M
5 Heavy deadlifts 
directly into
8 - 10 m Heavy sled drag
B. 4 x E3M
5 Front squats with 1s hold i the bottom
directly into
3 Broad jumps with controlled landings
C. 4 x E3M
6 - 8 Lying DB bench press with 3s eccentric
directly into
10 Barbell rows with supinated grip 2s eccentric",,2022-05-09 00:00:00.000,2022-08-10 22:02:30.156,cl6jsjxy00006uyo8h2v8fr2e
20,,BLACK,WOD,false,"10 - 1 reps for time:
Power clean and Jerk 50/35 kg or 60% of 1 RM
Lunge wallballs 9/6 kg 3/2,7 m
Time cap 15 min

Scaled variation
Power clean 40/25 kg
Backward lunges with WB in a overhead position
Time cap 15 min

Two big movements in a very tough combination. Probably move to singles on the PC and J early and also make sure to keep the standard when it comes to the height of the LWB throws. Two big movements in a very tough combination. Probably move to singles on the PC and J early and also make sure to keep the standard when it comes to the height of the LWB throws. ",15.0,2022-05-24 00:00:00.000,2022-08-10 22:02:30.157,cl6jsjxy00006uyo8h2v8fr2e
1279,,YELLOW,UNCLASSIFIED,false,"Yellow - Intermediate

A. 10 min AMRAP
30/25 cal row, bike, ski or Run 400 m
15 Wallball lunges 9/6 kg and 3/2,7 m
10 Toes to bar/Knee raises 2 for 1

At minute 12
B. 10 min AMRAP
30/25 cal Row, Bike, Ski or Run 400 m
15 DB backward lunges carry anyhow 22,5/15 kg
10 Knees to elbows on the bar/20 Situps

At minute 24
C. 10 min AMRAP
30/25 cal Row, Bike, Ski or Run 400m
15 DB step ups 60/50 cm 22,5/15 kg
10 V-ups/Tuck ups

Three ten minute amraps with a lot of cardio work. Pace and recover on the machine and maybe go unbroken on the rest. 

At Home
A. 3 sets;
15 s L-sit
10 V-ups
15 Pike-compression (1 leg raise at a time)
rest min 60 s between sets

B. Outdoor gym session
20 min amrap - Quality first!
5 strict ctb/pull up
5 deficit push ups
10 OH- lunges (single arm) with DB, KB or stone?
20 russian twist or Bicycle crunches",,2022-07-08 00:00:00.000,2022-08-12 11:30:51.663,cl6jsjxy00006uyo8h2v8fr2e
21,,BLACK,STRENGTH_OR_SKILLS,false,"4 x E3,5M
1 - 5 Power snatch starting at 60% of 1 RM
1 - 4 Rope climbs optional with or without legs/Floor variation

Explosive hip knee extension and fast feet on the PS. Best possible technique on the rope climb or keep building that strength with a floor variation. 

",,2022-05-28 00:00:00.000,2022-08-10 22:02:30.157,cl6jsjxy00006uyo8h2v8fr2e
12,,BLACK,WOD,false,"5 min AMRAP
20 One arm DB snatch 22,5/15 kg
3 Rope climbs 3,5 m
3 min Rest
5 min AMRAP
5 Devils press 2 x 22,5/15 kg
3 Bar muscle - ups/Bands/Jumping variation from box

Scaled alternative
5 min AMRAP
20 One arm DB snatch at individual weights
8 Ring rows at individual angle
3 min Rest
5 min AMRAP
5 Devils press at individual weights
8 Australian rows

Two short and technical amraps. All of the options will build your grip and pulling strength. Make sure to use the chalk and even thou the amraps are short pace it according to your capacity. On the Australian row make sure that the bar is firmly stuck to the rack for safety measures. 

",13.0,2022-05-19 00:00:00.000,2022-08-10 22:02:30.157,cl6jsjxy00006uyo8h2v8fr2e
13,,,GYMNASTICS,false,"EMOM x 12 
1) 10-40sec Handstand Tuck Hold - Wall facing 
2) 10x L-sit leglift over Medball/DB
3) 4-10 HS Plate step ups (plates outside hands)
4) 4-8 Pull Ups in rope/Row in rope

B.  AMRAP 3x3 - 2 min rest   
5 HSPU 
6 alt V ups 
10 Airsquats

OLY
A. EMOM x 5
5 Snatch push press (behind neck)
B. EMOM x 5
5 Snatch push jerk (behind neck)
C. 10 min. Go E2M
5-4-3-2-1 Hang squat snatch
D. In 12 min. 
Build up to a heavy 1-3RM OHS
",,2022-05-19 00:00:00.000,2022-08-10 22:02:30.157,cl6jsjxy00006uyo8h2v8fr2e
32,,YELLOW,WOD,false,"15 min AMRAP
15 Wallballs 9/6 kg 3/2,7 m
15/13 cal Row
15 Boxjumps 60/50 cm

""Recover"" on the row and pace from the start to stay below the lactic thresh hold. ",15.0,2022-06-14 00:00:00.000,2022-08-10 22:02:30.157,cl6jsjxy00006uyo8h2v8fr2e
34,,BLACK,WOD,false,"""Chipper"" for time:
85 Wallballs 9/6 kg 3/2,7 m
65 Boxjump over 60/50 cm
45 Toes to bar
25 Power snatch 45/30 kg or 60% of 1RM
9 Wall walks
Time cap 16 min

Scaled variation
85 Wallballs 9/6/3 kg 2,7 m
65 Box step over 60/50 cm
45 Knee raises
25 Power snatch 30/20 kg
5 Wall walks or 9 Walk out to pushup
Time cap 16 min

Long ""Chipper"" style met-con that finishes with wall walks. Pace this one from the start to enable a strong finish. Probably break up the WBs, T2B and Power snathces in small sets. ",16.0,2022-06-21 00:00:00.000,2022-08-10 22:02:30.157,cl6jsjxy00006uyo8h2v8fr2e
45,,YELLOW,WOD,false,"18 min AMRAP
9 Burpee boxjumps
18 Wallballs 9/6 kg and 3/2,7 m
27 Kettlebell swings lagom 24/16 kg

Big movements so probably keep the tempo down if you want to be able to stay below the lactic thresh hold.",18.0,2022-07-04 00:00:00.000,2022-08-10 22:02:30.157,cl6jsjxy00006uyo8h2v8fr2e
71,,YELLOW,WOD,false,"20 min AMRAP
20 Squats
15 Situps optional with Abmat
5 + 5 One arm DB push press 2x22,5/15 kg or individual weights
5 Devils DB power clean 2x22,5/15 kg or individual

Clean technique all the way through and find your own tempo staying just below the lactic thresh hold.",20.0,2022-08-01 00:00:00.000,2022-08-10 22:02:30.158,cl6jsjxy00006uyo8h2v8fr2e
51,,,STRENGTH_OR_SKILLS,true,"4 x EMOM
6-8 tempo push ups 21x1
10-12 Alternating v-ups
5 - 7 + 5 - 7 Skater squats for quality
rest 1 min",16.0,2022-07-07 00:00:00.000,2022-08-10 22:02:30.158,cl6jsjxy00006uyo8h2v8fr2e
73,Open 20.1,BLACK,WOD,false,"AMRAP in 15 minutes
3 Wall Walks
12 Dumbbell Snatches 22,5/15 kg
15 Box Jump Overs 60/50  cm

Scaled variation
AMRAP in 15 minutes
3 Partial Wall Walks or Walk out to pushup
12 Dumbbell Snatches 15/10 kg or lighter
15 Box Jump Overs 60/50 cm or lower

The exact standards can be read here; https://games.crossfit.com/workouts/open/2022/1
For training thou touching the chest or nose to the wall without arching the back is a good standard. 
Find your own sustainable pace from the start and if possible finish strong the last two minutes.",15.0,2022-08-03 00:00:00.000,2022-08-10 22:02:30.158,admin
10,,YELLOW,WOD,false,"18 min AMRAP
15 Kettlebell swings american 24/16 kg
12 Burpees
9 Thrusters 30/20 kg
6 Lunge wallballs 9/6 kg 3/2,7 m

 Tricky intermediate met-con because of the big movements and a relatively large leg load. If your goal is to keep an even tempo all the way through you will probably have to pace a lot from the start.",18.0,2022-05-17 00:00:00.000,2022-08-10 22:02:30.156,cl6jsjxy00006uyo8h2v8fr2e
38,,,GYMNASTICS,false,"A. 8min 
4-5 Rope climbs/ legless or practice

B. 3 rounds
5-7 Saw in rings
10-20m Sandbag walk
6-8 Ring dips 
3-6 Strict HSPU 

C. 4 rounds - 30 sec ON/ 15sec OFF
Plank diagonal lifts
Lying Windshield wipers

OLY
5xEMOM
3 Power clean and jerk
5xE2M
1 power clean
2 front squat
1 jerk
5xE3M
4 Front squat 80%
5xE2M
2 Front squat 90%
",,2022-06-23 00:00:00.000,2022-08-10 22:02:30.157,cl6jsjxy00006uyo8h2v8fr2e
1313,Handstand rock training,BLACK,STRENGTH_OR_SKILLS,true,"6 times E2M - 10 Handstand rock
Good position, core tight glutes tight",12.0,2022-08-14 07:34:35.125,2022-08-14 18:58:05.836,cl6jsjxy00006uyo8h2v8fr2e
39,,YELLOW,STRENGTH_OR_SKILLS,false,"4 x E3M

 5X5 Backrack backward barbell lunges 
  + 
  5 L + 5 R One leg KB deadlifts",12.0,2022-06-29 00:00:00.000,2022-08-10 22:02:30.157,cl6jsjxy00006uyo8h2v8fr2e
1265,,GREEN,UNCLASSIFIED,false,"Green - Endurance

A. 15 min AMRAP
150 Singel unders
20 Box step ups 60/50 cm (alternating leg)
25 Deadlifts 60/40 kg or 40% of 1RM

B. 15 min AMRAP
15 Kettlebell swing lagom 24/16 kg
20 Situps
25 Backward lunges

Two somewhat light aerobic met-cons but probably break up the DL´s on the second one. The pace on the Single unders is also very individual. Rest 1 minute btw A. and B.",,2022-05-31 00:00:00.000,2022-08-12 11:30:51.662,cl6jsjxy00006uyo8h2v8fr2e
1273,,RED,UNCLASSIFIED,false,"Red - Intense

A. 5 x E2M
3 Deadlifts + 2 Hang power clean + 1 Jerk
Build up weight from 60% of 1 RM

B. ""Grettel""
10 rounds for time of:
3 Power clean and jerks 60/42,5 kg or 60% of 1 RM
3 Barfacing/Lateral burpees over bar
Time cap 12 min

A. Touch and go deadlifts and an unbroken flow on the whole complex. 

B. Very intense benchmark with a spicy combination. Only resort to singles on the PC and Jerk if you need to.",,2022-06-15 00:00:00.000,2022-08-12 11:30:51.663,cl6jsjxy00006uyo8h2v8fr2e
1282,,YELLOW,UNCLASSIFIED,false,"Yellow - Intermediate

A. 4 x E3M
5 + 5 Backward barbell lunges
5 Bar dips 3s eccentric/Eccentric only

B. 20 min AMRAP
5 Deadlifts 100/70 kg or 60% of 1 RM
10 Pushups
15 Sit-ups
20 Squats

A. Start with your weaker leg on the Bw barbell lunges. 

B. Pace this one from the start to stay below the lactic thresh hold. The Dls should definitely be able to stay unbroken but probably break up some of the other movements.  

Solid at Home
A. 2-3 rounds:
30 alternating cossack squats
30s kneeling thoracic twist on each side
30s shoulder flexion pulses
30 s crab extension
Do this before the workout

B. 10 min amrap
200 m löpning
lateral hops x 30 (15 cm mark)
Pistols x 10
Mountain climbers x 20",,2022-07-12 00:00:00.000,2022-08-12 11:30:51.663,cl6jsjxy00006uyo8h2v8fr2e
54,,GREEN,STRENGTH_OR_SKILLS,true,"1 min on, 1 min off x 3
1. Handstand hold/pike hold
2. Wall sit
3. lateral pistol hold 30/30",12.0,2022-07-11 00:00:00.000,2022-08-10 22:02:30.157,cl6jsjxy00006uyo8h2v8fr2e
46,,YELLOW,STRENGTH_OR_SKILLS,true,"3 rounds of:
30 s wall sit + weight
10 squat jumps (+weight)
20 jumping lunges
rest 1-1,5 min",,2022-07-04 00:00:00.000,2022-08-10 22:02:30.157,cl6jsjxy00006uyo8h2v8fr2e
31,,YELLOW,STRENGTH_OR_SKILLS,false,"15 min 4 x 5 rep Back squat starting at 70% of 1 RM

Tight core, deep and with control.",15.0,2022-06-14 00:00:00.000,2022-08-10 22:02:30.157,cl6jsjxy00006uyo8h2v8fr2e
68,,RED,STRENGTH_OR_SKILLS,false,"In 12 min 4 - 5 sets x 5 reps
5 Back squats 
Start from 70% of 1RM and increase the weight btw 2,5 - 5 kg each set
Rest minimum 90s btw each set

A. Tight set up on each rep and brace harder as the weight increases.",12.0,2022-07-22 00:00:00.000,2022-08-10 22:02:30.158,cl6jsjxy00006uyo8h2v8fr2e
60,,GREEN,ENDURANCE,false,"600 m Row, Ski or Run
8 Top to floor Turkish get ups alternating side 16/12 kg
32 Situps
4 Wall walks or 4 Walk outs to pushup
16 DB Box step overs 60/50 cm 22,5/15 kg carry anyhow

Aerobic pace from the start and break up all the movements besides the monostructural work.",40.0,2022-07-15 00:00:00.000,2022-08-10 22:02:30.158,cl6jsjxy00006uyo8h2v8fr2e
49,Randy with a twist,RED,WOD,false,"For time:
25 Power snatch 35/25 kg or 40 - 50% of 1RM
75 Double unders/Singel unders 2 for 1
25 Power snatch 
75 Double unders/SU 2 for 1
25 Power snatch
75 Double unders/SU 2 for 1
Time cap 13 min

Very intense met-con with two classic CF movements. If 225 DU is to much maybe do a combination of DUs and Singel unders but don´t settle for the easy way out.",13.0,2022-07-05 00:00:00.000,2022-08-10 22:02:30.157,cl6jsjxy00006uyo8h2v8fr2e
1287,,YELLOW,UNCLASSIFIED,false,"Yellow - Intermediate

A. 9 x OTM
5 - 8 Power clean at individual weights
6 - 15 Boxjump over 60/50 cm
4 - 8 Ring or Bar dips/4 eccentric Bar dips

B. 9 x OTM
6 - 15 Toes to bar
25 - 50 Double unders/Single unders 2 for 1
1 - 3 Wall walks/3 - 6 Walk out to pushup

C. 9 x OTM
6 - 12 DB power clean 2 x 22,5/15 kg
10 - 24 Split jumps/Backward lunges
3 - 5 Devils press 2 x 22,5/15 kg

At HOME
A. 3 rounds
2 reps short of failure: SA Row,
rest 30 s
2 reps short of failure: SA Press/side
rest 90 s

B. For time
10 Air Squats, 30 DU, 200m Run
20 Air Squats, 30 DU, 200m Run
30 Air Squats, 30 DU, 200m Run
40 Air Squats, 30 DU, 200m Run
50 Air Squats, 30 DU, 200m Run",,2022-07-21 00:00:00.000,2022-08-12 11:30:51.663,cl6jsjxy00006uyo8h2v8fr2e
1299,,GREEN,UNCLASSIFIED,false,"Green - Endurance

42 min x OTM (7 rounds)
5 + 5 Skater squats for quality
10 Ring row with pause on the top for quality
8 - 16 m Bear crawl with high hips and straight legs
14 - 20 Russian KB swings with straight arms at individual weight
10 - 20s Star plank/Side plank hold
25 - 90 Singel unders

On the Skater squats keep the chest up on every rep and don´t rush the reps. 
When holding the pause on the Ring rows touch the hand on the side of the chest. 
Bear crawl for quality with high hips and as straight legs as possible. 
Tight core and shoulders on the Russian swings. Also use the breathing to create a snappy strong hip extension. 
The Star plank/Side plank can be scaled to the knee if neccessary. 
Singel unders as relaxed as possible and with different kind of jumps ie slow, fast, running, one foot etc. 

Solid at Home
5 rounds, for quality
4 V-ups
6 alternating V-ups
8 straddle V-ups
10 situps
rest as needed in between sets

5 sets of
5 – Burpees
20 – mountain climbers
20 – Jumping lunges/Backward lunges
10 – Ground to overhead/5 Burpees
rest 30s in between sets. ",,2022-08-04 00:00:00.000,2022-08-12 11:30:51.663,cl6jsjxy00006uyo8h2v8fr2e
62,,,STRENGTH_OR_SKILLS,true,"5 rounds of:
Core and Carry
10 m Duck walk (arms extended overhead if possible)
10 sit ups
10 m OH carry R
10 tuck - ups (touch the toes)
10 m OH -carry L
10 Elbow to knee aka Bicycle crunches
10 m Zercher carry
Find something pretty heavy",,2022-07-15 00:00:00.000,2022-08-10 22:02:30.158,cl6jsjxy00006uyo8h2v8fr2e
72,,BLACK,STRENGTH_OR_SKILLS,false,"5 x E3,5M
2 - 6 Deficit handstand pushups/Mat/Abmat
1 - 2 L + 1 - 2 R Turkish get up with KB or DB 

Scaled variation
3 - 6 Pike pushups with tempo 3s down
1 - 2 + 1 - 2 Turkish get up KB or DB

Build to a to a harder HSPU on each set using plates or less abmats. On the TGUs also build up using heavier and heavier weights.",18.0,2022-08-03 00:00:00.000,2022-08-10 22:02:30.158,cl6jsjxy00006uyo8h2v8fr2e
30,,YELLOW,WOD,false,"20 min AMRAP
14/12 cal Row
10L + 10R One arm DB push jerk/press 22,5/15 kg
8 DB step ups carry anyhow 60/50 cm
6 Burpee with DB power clean 2 x 22,5/15 kg

Long intermediate met-con with a lot of Dumbell work. Use the row as your recovery piece.",20.0,2022-06-10 00:00:00.000,2022-08-10 22:02:30.157,cl6jsjxy00006uyo8h2v8fr2e
57,,RED,STRENGTH,false,"6 x E2M
1 - 5 Power clean and jerk
Build from 60% of 1RM. Touch and go reps with best possible technique.",12.0,2022-07-13 00:00:00.000,2022-08-10 22:02:30.157,cl6jsjxy00006uyo8h2v8fr2e
36,,YELLOW,STRENGTH_OR_SKILLS,false,"4 x E2M
10 - 8 - 6 - 4 Ring pushups

Strict Ring push ups with increased load every round.",8.0,2022-06-23 00:00:00.000,2022-08-10 22:02:30.157,cl6jsjxy00006uyo8h2v8fr2e
43,,BLACK,WOD,false,"6 min AMRAP
6 Chest to bar pullups
12 Overhead squats 50/35 kg or 50 - 60% of 1 RM
3 min Rest
6 min AMRAP
12 Toes to bar
6 Squat snatch 50/35 kg or 60 - 70% of 1 RM

Scaled variation
6 min AMRAP
6 Pullups/Band/Jumping
12 Overhead squats 30/20 kg or individual weight
3 min Rest
6 min AMRAP
12 Knee raises
6 Squat snatch or Squat clean at 30/20 kg or individual weights

Tough couplet of barbell and bar work. Probably break up both movements from the start and strive for best possible movement/technique.",15.0,2022-07-01 00:00:00.000,2022-08-10 22:02:30.157,cl6jsjxy00006uyo8h2v8fr2e
65,,,STRENGTH_OR_SKILLS,true,"Activation/strength and mobility posterior chain/hamstrings
A. 20 frog pumps
20-30 s hamstring walk in/out
5 hip rolls/leg
x3",,2022-07-18 00:00:00.000,2022-08-10 22:02:30.158,cl6jsjxy00006uyo8h2v8fr2e
1271,,RED,UNCLASSIFIED,false,"Red - Intense

A. 4 x E3,5M
3 Zombie paus squats 33x1
5 Harop curls or Leg curls on the rower with 4s eccentric

B. 5 rounds for time:
5 Thrusters 60/40 kg or 60% of 1RM
10 Power clean 
15 Handrelease pushups
Time cap 15 min

A. Use wedges under the heels or oly shoes on the Zombie squats to enable a upright sound position. A good depth is important on these ones. 

B. The thrusters should be challenging today and try to go heavier then usually if the technique feels good. 
Singels or small sets on the PC and probably break up the HR pushups from the start. ",,2022-06-07 00:00:00.000,2022-08-12 11:30:51.662,cl6jsjxy00006uyo8h2v8fr2e
1285,,,UNCLASSIFIED,false,"TEAM

A. STHLM 15 min Technique/Strength practice with the Worm
Deadlifts, Clean and Push press over the head (4 - 6 pers)

A. Nyköping 5 x E3M
1 round of Dumbell D.T. each
12 DB deadlifts - 9 DB hang power clean - 6 Shoulder to overhead anyhow
Choose a dumbell weight that is somewhat challenging and maybe increase the weight gradually.

B. TEAM ""Kelly-ish""
5 rounds for time
400 m Run or Row
30 Boxjumps 60/50 cm
30 Kettlebell swings american 32/24 kg
Time cap 22 min

C. Partner stretch
2 rounds of
30s Each of hanging from the bar while your partner is pushing you forward in the upper back creating a stretch for the shoulders, chest and upper back arch-extension. 
90s Pancake straddle stretch pulling each other forward hooking the the hands/lower arm 45s each creating a stretch for the adductors, medial hamstrings and lower back. 

A. STHLM Communication on when to lift is everything when it comes to using the Worm. Start with getting the Dl going and the move over to Power clean and Push press over the head to the other shoulder. If there is time maybe also try walking lunges. 
NYKÖPING Unbroken sets on every complex and if the technique is sound increase the weights if possible.

B. Intense ""short"" Team met-con with heavy KB swings. Small sets and effective quick changes. 

C. Breath and relax into the stretch and communicate with your partner. Push on the scaps and it´s ok to have a pretty good pressure. On the Pancake stretch make sure the feet are in a good position that enables a nice feeling and stability. Be gentle on the pull and listen to your friend. 

STRENGTH
A. 4 x E3M
5 Snatch deadlift. New set up on each rep
6 Alternating DB Arnold Z press 4s eccentric
B. 4 x E3M
5 + 5 One arm DB overhead walking lunges
7 + 7 One leg 2 x DB deadlifts
C. 3 x E3M
10 - 15 Back extensions in the GHD
10 - 20s L-sit hold parallettes
10 - 20s + 10 - 20s Starplank hold",,2022-07-02 00:00:00.000,2022-08-12 11:30:51.663,cl6jsjxy00006uyo8h2v8fr2e
1290,,GREEN,UNCLASSIFIED,false,"Green - Endurance

A. 16 min AMRAP
800 m Row, Ski or Run
40 Kettlebell swings american 16/12 kg
20 KB Goblet backward lunges 16/12 kg
10 Lateral burpees over KB 

Rest for 1 min btw A. and B.

B. 16 min AMRAP
800 m Row, Ski or Run
40 KB sumo deadlift high pull 24/16 kg
20 KB Goblet squats 24/16 kg
10 Burpees

Pace this one from the start hard if you want to stay in the aerobic zone. 	

Solid at Home
A. 3 rounds
10 s hollow hold
5 alligator roll
10 s arch hold
rest 1 min

B. 7-10 rounds, outdoor gym
10 pull ups/ringrodd/kroppsrodd i utegym
10 bear squats
10 stock-press/strict press
every 2,5 min; 20 jumping jacks",,2022-07-26 00:00:00.000,2022-08-12 11:30:51.663,cl6jsjxy00006uyo8h2v8fr2e
1303,,GREEN,UNCLASSIFIED,false,"Green - Endurance

A. 20 min AMRAP
40 Squats
2L + 2R Turkish get ups 16/12 kg
30 Situps
4 - 2 Wall walks/4 Walk out to pushup
100 Single unders

B. 20 min AMRAP
30 Walking lunges any direction
15 Pushups
30 Kettlebell swings lagom 24/16 kg
15 Toes to bar/20 Knee raises
100 Single unders

Rest for 1 minute btw A. and B.

Aerobic pace means that you will have to break up the movments in small sets. ",,2022-08-08 00:00:00.000,2022-08-12 11:30:51.663,cl6jsjxy00006uyo8h2v8fr2e
25,,YELLOW,WOD,false,"20 min AMRAP
6 Burpee boxjumps 60/50 cm
12 One arm DB snatches 22,5/15 kg
18 Wallballs 9/6 kg 3/2,7 m
1 min Rest

Long intermediate amrap in a interval format. If your strong on the OA DB snatch and WB´s maybe go unbroken?",20.0,2022-06-01 00:00:00.000,2022-08-10 22:02:30.157,cl6jsjxy00006uyo8h2v8fr2e
37,,YELLOW,WOD,false,"15 min AMRAP
20/16 cal Row
15 Situps
10 Push press 45/30 kg or 60% of 1 RM

The sit-ups will bring the heartrate down on most of us so probably push a little bit harder then normally on the row and Push press.",15.0,2022-06-23 00:00:00.000,2022-08-10 22:02:30.157,cl6jsjxy00006uyo8h2v8fr2e
44,,YELLOW,STRENGTH_OR_SKILLS,false,"6 x E2M
3 Deadlift + 2 Low hang power clean + 1 Front squat
Build up the weight gradually focusing on the technique

Start the hang power clean below the knees. Maybe go heavy if the technique feels good.",12.0,2022-07-04 00:00:00.000,2022-08-10 22:02:30.157,cl6jsjxy00006uyo8h2v8fr2e
53,Filthy fifty,GREEN,WOD,false,"For Time;
50 Box Jumps/Step ups 60/50 cm
50 Jumping Pull-Ups
50 Kettlebell Swings american 16/12 kg or individual weight
50 Walking Lunge Steps
50 Knees-to-Elbows/Knee-raises
50 Push Presses 20/15 kg or individual weight
50 Back Extensions in the GHD/50 Barbell goodmornings 20/15 kg
50 Wall Ball Shots 9/6 kg 3/2,7 m
50 Burpees
50 Double-Unders/Singel unders 2 for 1 Double under
Time cap 35 min

The Filthy fifty is a classic CrossFit benchmark workout that can be very hard if your going all out. If this is your first workout of many this week it´s recommended to stay back on the pace and break up or slow down on all of the movements. 

The correct height for the Jumping pull-ups is 5 to 10 cm below the wrist. 

To accommodate the workout in a class setting the movements can be performed in any order.",25.0,2022-07-11 00:00:00.000,2022-08-10 22:02:30.158,cl6jsjxy00006uyo8h2v8fr2e
70,,YELLOW,STRENGTH_OR_SKILLS,false,"A. 3 x E2,5M
6 Back squats 
Starting from 75% of 1 RM

B. 3 x E2M
6 Z press with DBs

A. Brace hard on the Back squats and if possible increase the weight a bit each set.

B. Strict controlled tempo on the DB Z press",13.5,2022-08-01 00:00:00.000,2022-08-10 22:02:30.158,cl6jsjxy00006uyo8h2v8fr2e
33,,BLACK,STRENGTH_OR_SKILLS,false,"6 x E90s
1 Snatch pull + 1 Power snatch + 1 Squat snatch
Build up weight from 60% of 1 RM or Technique work 

 On the Sn pull make sure to keep the barbell close to the body, on the Power snatch make sure move the feet fast and on the Sq snatch aim for a controlled squat/receiving position on every rep. ",9.0,2022-06-21 00:00:00.000,2022-08-10 22:02:30.157,cl6jsjxy00006uyo8h2v8fr2e
29,,YELLOW,STRENGTH_OR_SKILLS,false,"12 x OTM
20 - 50s Wallfacing handstand hold
4 - 8 Strict straight leg toes to bar
15s L + 15s R Skater squat holds
40 - 50s Farmers carry

Best possible Handstand line, locked knees on the SSL t2b and chest up on the Skater holds.",12.0,2022-06-10 00:00:00.000,2022-08-10 22:02:30.157,cl6jsjxy00006uyo8h2v8fr2e
52,,,WOD,true,"AMRAP 25 min - outdoor session
1,5 min run
14 mountain climbers
12 upphopp/tuck jumps
10 australian/reversed row/bent over row
8 dips/pike pushups",25.0,2022-07-07 00:00:00.000,2022-08-10 22:02:30.157,cl6jsjxy00006uyo8h2v8fr2e
41,Death by... burpees,RED,WOD,false,"EMOM For as Long as Possible

1 Burpee in the first minute
2 Burpee in the second minute3 Burpee in the third minute
etc...",,2022-06-30 00:00:00.000,2022-08-10 22:02:30.157,cl6jsjxy00006uyo8h2v8fr2e
56,Smoked legs,GREEN,WOD,true,"25 min amrap 
Broad jumps x 4
Jump squats x 4
Laterala lunges x 6 alt ben
Bear Squats x 8
Table rocks x 10
Diagonal Mountain climbers x 12
Air squats x 14
jumping lunges x 16
2 min active recovery (walk)",25.0,2022-07-11 00:00:00.000,2022-08-10 22:02:30.157,cl6jsjxy00006uyo8h2v8fr2e
78,,RED,STRENGTH_OR_SKILLS,false,"4 x E3M
5 Back squats Tempo 30x1
5 Harop curls/Leg curl on the rower 4s eccentric
Build the weight from 70% of 1 RM on the BS

Brace more and more as the weight gets heavier.",12.0,2022-08-10 00:00:00.000,2022-08-10 22:02:30.158,cl6jsjxy00006uyo8h2v8fr2e
79,"",RED,WOD,false,"5 rounds for time:
6 Clusters 60/40 kg or 60 - 70% of 1 RM
9 Barfacing burpees or 12 Lateral burpees
12 Chest to bar pullups/Pullups
Time cap 15 min

Very tough and intense met-con with a lot of shoulders and legs. Probably pace the first two rounds to get a feeling of the correct tempo. ",15.0,2022-08-10 00:00:00.000,2022-08-11 20:31:16.052,cl6jsjxy00006uyo8h2v8fr2e
75,"",YELLOW,WOD,false,"21 min AMRAP
42 Lunges walking forward in any direction 
35 Sumo Deadlift high pull 35/25 kg
28 Bicycle crunches touching elbow to knee/Without touch
21 Pushups
15 Pullups or Barbell row same weight as SDLHP

Long intermediate met-con with a lot of everything. Pace it from the beginning.",21.0,2022-08-05 00:00:00.000,2022-08-10 22:02:30.158,cl6jsjxy00006uyo8h2v8fr2e
48,,RED,STRENGTH_OR_SKILLS,false,"6 x E90s
1 - 3 Power snatch
Gradually increase the weight or technique work

Work on speed and technique.",9.0,2022-07-05 00:00:00.000,2022-08-10 22:02:30.157,cl6jsjxy00006uyo8h2v8fr2e
19,,BLACK,STRENGTH_OR_SKILLS,false,"5 x E3,5M
2 - 6 Deficit handstand pushups/Mat/Abmat
5 + 5 Overhead barbell split squat

Scaled variation
3 - 6 Pike pushups
5 + 5 Overhead barbell split squat (technique)

If your doing deficit HSPU start with 10kg plates and build from there. Small steps is essential. On the OH split squat make sure to keep a vertical upper body position. 

",17.5,2022-05-24 00:00:00.000,2022-08-10 22:02:30.157,cl6jsjxy00006uyo8h2v8fr2e
42,,BLACK,STRENGTH_OR_SKILLS,false,"5 x E2M
1 - 6 Bar muscle-ups/Progression work

Scaled variation
2 - 5 Supinated strict pullups/Eccentrics/Band
2 - 5 Bar dips/Eccentrics/Band

Use a jumping variation from a box on the B mups or work from the hang progressively higher and higher. A combination of both of them can also be used or a band variation.",10.0,2022-07-01 00:00:00.000,2022-08-10 22:02:30.157,cl6jsjxy00006uyo8h2v8fr2e
69,,RED,WOD,false,"12 min AMRAP ascending ladder
2 Wallballs 9/6 kg 3/2,7 m
2 x 5 m Shuttle run
4 Wallballs
4 x 5 m Shuttle run 
6 Wallballs
6 x 5 m Shuttle run
8 Wall balls
8 x 5 m and so on...

Draw a line right behind 1,5 m from the wall and the next line another 5 m back. Touch the hand on the floor on each shuttle run.",12.0,2022-07-22 00:00:00.000,2022-08-10 22:02:30.158,cl6jsjxy00006uyo8h2v8fr2e
58,,RED,WOD,false,"3 x 4 min AMRAP 
1 Power clean
1 Lateral Burpee
1 Pullup
2 Power cleans
2 Lateral burpees
2 Pullups
3 Power clean
3 Lateral burpees
4 Power clean
and so on...
3 min rest between each set

Threes sets of very intense work. Try to stay somewhat even when it comes to the number of reps each set and finish strong on the last one.",18.0,2022-07-13 00:00:00.000,2022-08-10 22:02:30.158,cl6jsjxy00006uyo8h2v8fr2e
27,,YELLOW,WOD,false,"16 min AMRAP
40 Double unders/Single unders 2 for 1
10 Deadlifts 100/70 kg or 50% of 1 RM
8 Boxjump over 60/50 cm
6 Burpee boxjump
Rest 30s

Four different movements but a lot of legs on everyone. Probably pace it more then you might think from the start.",16.0,2022-06-06 00:00:00.000,2022-08-10 22:02:30.157,cl6jsjxy00006uyo8h2v8fr2e
66,,,WOD,true,"for time
10-9-8-7-6-5-4-3-2-1 Burpees with strict pushup
1-2-3-4-5-6-7-8-9-10 Pull-ups",,2022-07-18 00:00:00.000,2022-08-10 22:02:30.158,cl6jsjxy00006uyo8h2v8fr2e
40,,YELLOW,WOD,false,"20MN AMRAP 

 10 Deadlift 80/60 Kg 
 10 Hand release push ups 
 10 Kettlebell alternating backward lunges 24/16 Kg 
 10 Boxjumps 60/50 cm",20.0,2022-06-29 00:00:00.000,2022-08-10 22:02:30.157,cl6jsjxy00006uyo8h2v8fr2e
26,,YELLOW,STRENGTH_OR_SKILLS,false,"4 x E3M
3 - 5 Deadlifts with a new set up on each rep starting at 75% of 1RM
4 - 6 Ring dip/Bar dip with 4s eccentric

Tight set up on every rep on the Dls and stable shoulder on the Dips.",12.0,2022-06-06 00:00:00.000,2022-08-10 22:02:30.157,cl6jsjxy00006uyo8h2v8fr2e
35,,YELLOW,STRENGTH_OR_SKILLS,false,"4 x E2M
10 - 8 - 6 - 4 Deadlifts

15 min AMRAP
20/16 cal Row
15 Situps
10 Push press 45/30 kg or 60% of 1 RM

Touch and go Dls starting from 70% of 1 RM",8.0,2022-06-23 00:00:00.000,2022-08-10 22:02:30.157,cl6jsjxy00006uyo8h2v8fr2e
24,,YELLOW,STRENGTH_OR_SKILLS,false,"4 x E3M
4 - 6 DB Z press 4s eccentric
8 - 10 Supinated barbell rows 2s eccentric

Straight legs and feet together on the DB Z press. On the supinated barbell rows keep the back as horizontal as possible and tight shoulders.",,2022-06-01 00:00:00.000,2022-08-10 22:02:30.157,cl6jsjxy00006uyo8h2v8fr2e
59,,,STRENGTH_OR_SKILLS,true,"Emom 20
1. Burpees
2. inch worm+ push up
3. TGU
4. GTOH with weight/backpack",20.0,2022-07-13 00:00:00.000,2022-08-10 22:02:30.158,cl6jsjxy00006uyo8h2v8fr2e
67,,GREEN,ENDURANCE,false,"A. 10 + 10 One arm KB swings 16/12 kg
10 Pushups/Knee pushups
10 KB backward lunges
5 + 5 One arm KB push press

B. 20 min AMRAP
20 KB lagom swings american 16/12 kg
5 Burpee Box step ups 60/50 cm
20 Situps
5 Box step overs with KB in frontrack 60/50 cm

Two endurance amraps which could potentially be pretty hard if you go all out. This means probably go somewhat moderate to slow in your pace if you want to keep it in the aerobic zone.",42.0,2022-07-20 00:00:00.000,2022-08-10 22:02:30.158,cl6jsjxy00006uyo8h2v8fr2e
47,,YELLOW,WOD,true,"for time:
10-1
Lateral jump over KB/backpack
KB/Backpack swing
V-ups",,2022-07-04 00:00:00.000,2022-08-10 22:02:30.157,cl6jsjxy00006uyo8h2v8fr2e
61,,,STRENGTH,true,"Activation/""strength"" and mobility posteror chain/hamstrings
20 frog pumps
20-30 s hamstring walk in/out
5 hip rolls/leg
x3
",,2022-07-15 00:00:00.000,2022-08-10 22:02:30.158,cl6jsjxy00006uyo8h2v8fr2e
74,"",YELLOW,STRENGTH_OR_SKILLS,false,"4 x E3M
10 DB backward lunges 2 x DB individual weights
6 - 8 Ring pushups 3s eccentric

DBs hanging on the walking lunges. Best possible technique and deep Ring pushups.",12.0,2022-08-05 00:00:00.000,2022-08-10 22:02:30.158,cl6jsjxy00006uyo8h2v8fr2e
64,,RED,WOD,false,"5 rounds for time;
5 Deadlifts 100/70 kg or 60% of 1RM
5 Barfacing burpees/7 Lateral burpees
Time cap 5 min

A. Optional to do touch and go rep or a new set-up on each rep.

B. Optional to start each set with a power clean or from the squat rack. 

C. Short and intense met-con with a lot of core work. Push hard from the stay.",40.0,2022-07-18 00:00:00.000,2022-08-10 22:02:30.158,cl6jsjxy00006uyo8h2v8fr2e
77,,GREEN,ENDURANCE,false,"20 min AMRAP
40 Squats
2L + 2R Turkish get ups 16/12 kg
30 Situps
4 - 2 Wall walks/4 Walk out to pushup
100 Single unders

B. 20 min AMRAP
30 Walking lunges any direction
15 Pushups
30 Kettlebell swings lagom 24/16 kg
15 Toes to bar/20 Knee raises
100 Single unders

Rest for 1 minute btw A. and B.

Aerobic pace means that you will have to break up the movments in small sets. ",41.0,2022-08-08 00:00:00.000,2022-08-10 22:02:30.158,cl6jsjxy00006uyo8h2v8fr2e
16,,RED,STRENGTH_OR_SKILLS,false,"A. 5 x E2,5M
5 Back squats starting at 70% of 1 RM
3 High boxjumps

A. Brace hard on the BS and make sure to purposely jump high every rep.",12.5,2022-05-23 00:00:00.000,2022-08-10 22:02:30.156,cl6jsjxy00006uyo8h2v8fr2e
50,,GREEN,ENDURANCE,false,"42 x OTM
1 + 1 Turkish get up 24/16 kg or Individual weight
4 - 6 Burpee High boxjump over 75/60 cm or individual height
12 - 16 Gorilla rows with KBs
45s 2xKB Front rack carry
1 - 3 Wall walks
4 - 5 + 4 - 5 Skater squats for quality and control
20-25s L + 20-25s R KB or DB farmers carry

Strength-endurance with seven different movements. Maybe go light today if your body feels sore or if your doing more Solid met-cons this week.",42.0,2022-07-07 00:00:00.000,2022-08-10 22:02:30.157,cl6jsjxy00006uyo8h2v8fr2e
1278,,GREEN,UNCLASSIFIED,false,"Green - Endurance

A. 16 min AMRAP
8 KB backward lunges 24/16 kg
4 L + 4 R One arm DB push press 22,5/15 kg
8 Toes to bar/8 Knee raises
8 DB box step overs 22,5/15 kg 60/50 cm

B. 16 min AMRAP
8 Kettlebell swing american 24/16kg
8 Pushups
8 Situps
8 DB step ups 22,5/15 kg 60/50 cm	

Endurance amraps with a pretty low umber of reps on every movement. Still, because it´s a endurance met-con, keep the pace moderate to low to stay in a more aerobic than anaerobic/lactic zone. Rest for 1 min btw A. and B. 

INTENSE MOBILITY
3 rounds of
50s L + 50s R One leg squat complex
50s Arch to hollow on the bar
3 rounds of
50s Horse stance complex
50s Wallfacing handstand toe pulls/Shrugs
3 rounds of
25s L + 25s R Side plank raises
50s Bridge wall walks
3 rounds of
50s FHL calf raises
50s Reverse Nordics
25s L + 25s R Prone Hip CAR´s

",,2022-06-13 00:00:00.000,2022-08-12 11:30:51.663,cl6jsjxy00006uyo8h2v8fr2e
1294,,,UNCLASSIFIED,false,"TEAM 

A. ""Deadlift Kalsu""
For time 100 Deadlifts 100/70 kg or 50 - 60% of 1 RM (divide anyhow)
5 Burpees together to start with and every minute on the minute until finished with 100 DLs. 
Time cap 10 min

On minute 12
B. ""Kettlebell swing Kalsu""
For time 100 Kettlebell swings lagom height 32/24 kg
5 Burpees together to start with and every minute on the minute until finished with 100 KBs.
Time cap 22 min

On minute 24
C. ""Push jerk Kalsu""
For time 100 Push jerk 50/30 kg or 50 - 60% of 1 RM
5 Burpees together to start with and every minute on the minute until finished with 100 PJ.
Time cap 34 min 

At HOME
A. Alternating Tabata for 16 Sets (8 Rounds):
20s Max Sit-Ups, :10s (tuck) Hollow Hold
20s Max Glute Bridges, :10s Glute Bridge Hold

B. 10 min Amrap:
1-2-3-4 osv Wall walk/Walk out to pushup
30 lateral hops (15 cm line)

STRENGTH
A. In 12 min 
4 x 3 - 5 reps Close grip benchpress starting from 70% of 1 RM
Rest minimum 90s btw sets

B. In 12 min
4 x 6 - 8 reps Romanian deadlfts 
Rest minimum 90s btw sets

C. In 12 min
4 x 3 - 5 reps
L - sit pullup/Regular/Eccentric only
Rest minimum 90s btw sets

D. 3 rounds of
30s L + 30s R Star plank/Side plank hold
30s Hollow/Tuck hold
30s Superman hold
30s Rest",,2022-07-23 00:00:00.000,2022-08-12 11:30:51.663,cl6jsjxy00006uyo8h2v8fr2e
1302,,YELLOW,UNCLASSIFIED,false,"Yellow - Intermediate

A. 3 x E2M
8 - 6 - 4 Push press start with a Power clean
Build from 70% of 1 RM

B. 3 x E2M
5 - 3 - 1 Push jerk build from 75% of 1 RM

C. 14 min AMRAP
4 Devils press 2 x 22,5/15 kg
6 DB Box step over 2 x 22,5 kg 60/50 cm
8 One arm alternating DB hang clean and jerk 22,5/15 kg
10 DB shoulder rack backward lunges 2 x 22,5/15 kg
12 Box step ups carry one DB anyhow 60/50 cm 22,5/15 kg

A. Use the legs on the push press.

B. Push jerks in all about being fast.

C. Pace this one a lot from the start. Otherwise it turns into red...",,2022-08-09 00:00:00.000,2022-08-12 11:30:51.664,cl6jsjxy00006uyo8h2v8fr2e
1308,,,UNCLASSIFIED,false,"TEAM

For Time (with a Partner)
Partner A: 30 Wall Ball Shots 9/6 kg, 15 Toes-to-Bars/Knee raises
Partner B: Barbell Hang Hold 40/30 kg
Partners switch then repeat.

Partner A: 30 Box Jumps 60/50 cm, 15 Pull-Ups/Band/Ring row
Partner B: Barbell Overhead Hold 40/30 kg
Partners switch then repeat.

Partner A: 30 Power Cleans 40/30 kg, 15 Handstand Push-Ups/Pike push-ups
Partner B: Pull-Up Bar Hang Hold
Partners switch then repeat.

*Partner A: 30 Back Squats 50/35 kg, 15 Shoulder-to-Overheads 50/35 kg
Partner B: Push-up plank hold
Partners switch then repeat.

Partner A: 30 Kettlebell Swings (24/16 kg), 15 Burpees
Partner B: Barbell Front Rack Hold (50/35 kg)
Partners switch then repeat.
Time cap 35 min

Partner A may only work while Partner B is holding their static hold. If Partner B takes a break, then Partner A must stop working and accumulating reps until Partner B resumes their static hold.

*Notice that the weight increases at the point of Back squats and Shoulder-to-Overhead. ",,2022-08-13 00:00:00.000,2022-08-12 11:30:51.664,cl6jsjxy00006uyo8h2v8fr2e
1286,,RED,UNCLASSIFIED,false,"Red - Intense

A. 4 x E3M
5 - 3 - 2 - 1 Back squat
5 Harop or Row hamstring curls 4s eccentric

B. 4 (5) rounds for time
8 Power clean 60/45 kg or 60% of 1 RM
8 Front squats
8 Single arm Devils press 22,5/15 kg
Time cap 12 min

A. Start the BS from 80% of 1 RM and increase the weight with 2,5 - 5 kg every set.  

B. Intense for time met-con where the main thing is to keep the FS unbroken. If your done before 9 minute optional is to do one extra round.",,2022-06-30 00:00:00.000,2022-08-12 11:30:51.663,cl6jsjxy00006uyo8h2v8fr2e
1304,,,UNCLASSIFIED,false,"TEAM	

A. 7 rounds for time;
21 cal Row, Bike or Ski
15 Barfacing burpees
9 Deadlifts 140/100 kg or 70 - 75 % of 1 RM
Time cap 16 min

At minute 17

B. 7 rounds for time;
21 cal Row, Bike or Ski
15 Deadlifts 100/70 kg or 50 - 60% of 1 RM
9 Barfacing burpees
""Cash out""
50 Wallballs 9/6 kg 3/2,7 m
Time cap 35 min	

One person working and share the work anyhow. 	

Solid at Home
A. Emom 12:
1. 5+5 SL DL
2. 10 prone hip extension
3. 5+5 (Front foot elevated) Split squat 2 s down

B. E2min: 200 m run x 10

STRENGTH
A. 5 x E3M
5 - 4 - 3 - 2 - 1 Overhead squat or Back squat
Increase the weight each set with 2,5 - 5 kg 
directly into
3 Broad jumps
B. 5 x E3M
3 - 5 Strict ring pullups from pronation to supination or 3 - 5 Supinated eccentric pullups 4s
4 - 6 Dumbell Z press with 4s eccentric
C. 5 x E3M
6 - 10 Heavy walking DB lunges
directly into 
10 Heavy sled push",,2022-07-30 00:00:00.000,2022-08-12 11:30:51.663,cl6jsjxy00006uyo8h2v8fr2e
1291,,,UNCLASSIFIED,false,"TEAM

""Morrison"" + ""Badger""
50 - 40 - 30 - 20 - 10 reps for time;
Wallballs 9/6 kg 3/2,7m
Boxjumps 60/50 cm
Kettlebell swings american 24/16 kg
directly into
3 rounds for time;
30 Squat cleans 42,5/30 kg
30 Pullups
800 m Run or Row
Time cap 45 min

Scaled variation
50 - 40 - 30 - 20 - 10 reps for time;
Air squats
Box step ups 60/50 cm
Kettlebell swings lagom height 16/12 kg
directly into
3 rounds for time
30 Power cleans 42,5/30 kg
30 Ring rows with a 45 degree angle
600 m Run or Row
Time cap 45 min

Divide anyhow. 	

Solid at Home
AMRAP 20-30 min
4 Push ups
6 ""Plank walk""
8 Box jumps
10 Walking lunges
12 Mountain climbers
14 Jumping jacks
E4 min: run 200 m

Plank walk= from a push up plank down to plank on elbows and back up= 1 rep

STRENGTH
A. 4 x E3M
2 x 10 m Sled pull (heavy)
6 - 8 Dumbell bench press (heavy)
B. 4 x E3M
5 Sumo deadlifts (heavy)
6 - 8 Push press (heavy
C. 4 x E3M
10 DB walking lunges (heavy)
6 - 8 Seal rows with KBs (heavy)",,2022-07-16 00:00:00.000,2022-08-12 11:30:51.663,cl6jsjxy00006uyo8h2v8fr2e
1297,,YELLOW,UNCLASSIFIED,false,"Yellow - Intermediate

A. 4 x E3M
10 DB backward lunges 2 x DB individual weights
6 - 8 Ring pushups 3s eccentric

B. 21 min AMRAP
42 Lunges walking forward in any direction 
35 Sumo Deadlift high pull 35/25 kg
28 Bicycle crunches touching elbow to knee/Without touch
21 Pushups
15 Pullups or Barbell row same weight as SDLHP

A. DBs hanging on the walking lunges. Best possible technique and deep Ring pushups. 

B. Long intermediate met-con with a lot of everything. Pace it from the beginning. 

Solid at Home
OTMx30
1 10-20 shouldertaps in handstand/pike position/plank position
2 4-6 skater squats / leg
3 10-20 m Bear crawl
4 3-5 HSPU with 4s negative
5 10-30 s L-sit
6 side-to-side squats 30 s",,2022-08-05 00:00:00.000,2022-08-12 11:30:51.663,cl6jsjxy00006uyo8h2v8fr2e
1228,"",GREEN,ENDURANCE,false,"38 min AMRAP
25/20 cal Row, Bike or Ski
10 - 15 L + 10 - 15 R KB suitcase DL 32/24 kg (quality)
5 L+ 5 R Skater squats for depth and quality
20s - 60s Handstand hold wallfacing for quality
10 - 45s Supinated pullup hold

Long endurance aerobic session mixed up with gymnastics and suitcase Deadlifts for quality. ",38.0,2022-08-12 08:16:55.203,2022-08-12 08:16:55.204,cl6jsjxy00006uyo8h2v8fr2e
1292,,BLACK,UNCLASSIFIED,false,"Black - Intense skill

A. 4 x EMOM
1 Snatch pull + 1 Power snatch + 1 Squat snatch or as deep as form allows

B. 4 x E2M
1 - 3 Squat snatches or as deep as form allows

B. 22 min AMRAP 2 minutes on each movement (3 rounds)
Squat snatches 60/35 kg or 60 - 70% of 1 RM
Rope climbs 3,5 m (1 climb = 3 reps)
Pistols
Rest 2 min

Scaled variation
22 min AMRAP 2 minutes on each movement (3 rounds)
Squat snatch or Power snatch 45/30 kg or 60 - 70% of 1 RM
Rope climb floor variation/Eccentric pullups showing control/ Roing rows
Step ups alternating legs 60/50 cm

A. Start at a very light weight and have some small plates close by to increase the weight each set. 

B. Start from 60 - 70% of 1 RM and increase the weight gradually with 2,5 - 5 kg each set i form allows. 

C. Long intervall met-con with a lot of upperbody pull and legs. Three rounds means a lot of work so make sure to keep the form and technique all the way through by pacing it from the start. 


Solid at Home
30 varv
3 Burpee
3 goblet squat with any objcet
3 Sit-Ups

Only wod. Have a strech after",,2022-07-25 00:00:00.000,2022-08-12 11:30:51.663,cl6jsjxy00006uyo8h2v8fr2e
1300,,BLACK,UNCLASSIFIED,false,"Black - Intense skill

A. 5 x E2M
1 - 6 Bar muscle-ups/Progression work

Scaled variation
2 - 5 Supinated strict pullups/Eccentrics/Band
2 - 5 Bar dips/Eccentrics/Band

B. 5 rounds for time:
10 Chest to bar Pullups
10 Ring dips/Bar dips
10 DB thrusters 2 x 22,5/15 kg
1 min Rest
Time cap 17 min 

Scaled variation
5 rounds for time;
10 Pullups/Band pullups/Ring rows
10 Handrelease pushups/Knee pushups
10 DB thrusters 2 x 15/10 kg or individual weights
1 min Rest
Time cap 17 min

A. Use a jumping variation from a box on the B mups or work from the hang progressively higher and higher. A combination of both of them can also be used or a band variation.

B. Maybe go unbroken from the start but it depends a lot on your capacity. The rest between each round makes it possible to push from the start thou. 

Solid at Home
A. Squat routine complex (befor or after)
https://www.youtube.com/watch?v=lbozu0DPcYI&t=30s

B. Outdoor gym: 5 rounds
40 s on 20 off
Pull option
Push option
Hip hinge (DL if possible)
Squat option
Jump option

rest 1 min in between rounds",,2022-07-29 00:00:00.000,2022-08-12 11:30:51.663,cl6jsjxy00006uyo8h2v8fr2e
1295,,GREEN,UNCLASSIFIED,false,"Green - Endurance

40 min 
600 m Row, Ski or Run
8 Top to floor Turkish get ups alternating side 16/12 kg
32 Situps
4 Wall walks or 4 Walk outs to pushup
16 DB Box step overs 60/50 cm 22,5/15 kg carry anyhow

Aerobic pace from the start and break up all the movements besides the monostructural work. 	

Solid at Home
A. Activation/""strength"" and mobility posteror chain/hamstrings
20 frog pumps
20-30 s hamstring walk in/out
5 hip rolls/leg
x3

B. 5 rounds of:
Core and Carry
10 m Duck walk (arms extended overhead if possible)
10 sit ups
10 m OH carry R
10 tuck - ups (touch the toes)
10 m OH -carry L
10 Elbow to knee aka Bicycle crunches
10 m Zercher carry
Find something pretty heavy",,2022-07-15 00:00:00.000,2022-08-12 11:30:51.663,cl6jsjxy00006uyo8h2v8fr2e
1307,,BLACK,UNCLASSIFIED,false,"Black - Intense skill

A. 4 x E3M
3 - 20 m Handstand walk slalom or regular/Progression work
1 - 3 Rope climbs/Floor rope get ups
Scaled variation
10 - 30 Shoulder taps wallfacing/Box shoulder taps
6 - 10 Ring rows with 3s eccentric""	""B. 21 - 15 - 9 reps for time:
Deadlift 125/80 kg or 60 - 70 % of 1 RM
Burpee boxjump 75/60 cm
After each round perform 50 Double unders
Time cap 12 min

Scaled
Deadlift 90/50 kg or individual weight
Burpee boxjump 60/50 cm
25 Double unders + 50 Singel or 100 Singel unders

A. On the HS walk make sure to extend the shoulders long before starting to walk. Set cones with two meters distance and one meter wide to practice slalom turns. Shoulder taps is a good option to walking to build up strength. On the RC´s don´t stress. It´s more about using the legs by  having a good leg/feet lock.

B. Heavy deadlifts and high burpee boxjumps combined with double unders will be tough. Probabaly divide the DLs a lot and pace the B Bjs fromt the start. Finish strong.",,2022-08-11 00:00:00.000,2022-08-12 11:30:51.664,cl6jsjxy00006uyo8h2v8fr2e
63,,RED,STRENGTH_OR_SKILLS,false,"A. 5 - 4 - 3 - 2 - 1 Deadlift
Starting from 75% of 1 RM

B. 5 x E2M
5 - 4 - 3 - 2 - 1 Push press
Starting from 70% of 1RM",12.5,2022-07-18 00:00:00.000,2022-08-10 22:02:30.158,cl6jsjxy00006uyo8h2v8fr2e
1301,,RED,UNCLASSIFIED,false,"Red - Intense

A. 5 x E90s
5 - 4 - 3 - 2- 1 Hang power clean
Build up the weight

B. 5 x E90s
5 - 4 - 3 - 2 - 1 Push jerk
Build up the weight

C. 5 min AMRAP
For cals on the Bike or Rower
5 min Rest
and then repeat
5 min AMRAP
For cals on the Bike or Rower

A. and B. start with a pretty heavy weight and build form there using small plates. Focus on technique and speed. Start the Push Jerk with a Power clean. 

C. Your task on C. is to choose one of the following number of cals 100, 90, 80, 70, 60 or 50 cals and then repeat it at the second amrap on the same machine. The goal should be hard but still repeatable. It´s you against you.

Solid at Home
5k run
every 4 min stop and do:
5+5 windmills
5+5 single leg goodmorning
20 lunges",,2022-08-02 00:00:00.000,2022-08-12 11:30:51.664,cl6jsjxy00006uyo8h2v8fr2e
1309,,,UNCLASSIFIED,false,"STRENGTH
A. 4 x E3,5M
Heavy sled push 20 m
directly into
20 m Sandbag/Ball carry
B. 4 x E3,5M
5 Sumo Deadlifts with new set up en
each rep
Build up weight
rest 45s and then
45s Heavy KB frontrack carry
C. 4 x E3,5M
6 - 8 Lying DB bench press
rest for 45s and then
15 Heavy russian KB swings

ENDURANCE
After a dynamic warm up choose 3 machines and perform 45 min of aerobic work for a total of 15 sets
5 - 5 - 5 - 4 - 4 - 4 - 3 - 3 - 3 - 2 - 2 - 2 - 1 - 1 - 1 min
Change machine when there is 10s left of the set
",,2022-08-14 00:00:00.000,2022-08-12 11:30:51.664,cl6jsjxy00006uyo8h2v8fr2e
5,,,TEAMWOD,false,"30 min AMRAP
40 cal Row
30 Lateral burpees over rower
20 Strict pullups/Partner assisted 
10 Thrusters 60/40 kg

Divide anyhow and pace it from the start.",30.0,2022-05-08 00:00:00.000,2022-08-10 22:02:30.156,cl6jsjxy00006uyo8h2v8fr2e
15,,GREEN,ENDURANCE,false,"AMRAP alternating rounds one minute each
12 x 30s Row - 30s Boxjumps/Step ups (12 min)
1 min Rest
12 x 30s Kettlebell swings - 30s Burpees over rower/Burpee step over rower (12 min)
1 min Rest
12 x 30s Wall walks/Plank walk outs from standing - 30s Wallballs 9/6 kg 3/2,7 m (12 min)

38 minutes of alternating one minute rounds. The tempo is pretty high from the start because of the interval format. Still make sure to move good technique all the way through. ",38.0,2022-05-20 00:00:00.000,2022-08-10 22:02:30.156,cl6jsjxy00006uyo8h2v8fr2e
76,"",,STRENGTH_OR_SKILLS,true,"OTMx30
1 10-20 shouldertaps in handstand/pike position/plank position
2 4-6 skater squats / leg
3 10-20 m Bear crawl
4 3-5 HSPU with 4s negative
5 10-30 s L-sit
6 side-to-side squats 30 s",30.0,2022-08-05 00:00:00.000,2022-08-10 22:02:30.158,cl6jsjxy00006uyo8h2v8fr2e
1305,,YELLOW,UNCLASSIFIED,false,"Yellow - Intermediate

A. 4 x E3M
3 Pause Zombie squats 33x1 or Front squats
directly into
4 + 4 Single leg KB deadlift alternated with one arm KB rows

B. 20 min AMRAP
3 - 5 Wall walks or 3 - 5 Walk out to push-up 
10 Boxjumps/Step ups 60/50 cm
15 Wallballs 9/6 kg and 3/2,7 m
20 Sit-ups

A. Only use the regular front rack if the Zombie squat position really hinders you from using a good weight. On the SL KB DL with a one arm row keep both the core and the shoulders stable and don´t rush this movement.  

B. To stay in the intermediate zone make sure to pace this one from the start. All the movements besides the sit-ups are pretty hard. 

Solid at Home
A. 3 Rounds (for Time)
10 Hollow Rocks
10 V-Ups
10 second Hollow Hold
1 minute Rest

B. 4 min on 2 min off x 4
1.
5 thrusters with any kind of object
10 (/sida) mountain climbers
15 svingar (Kb, väska el. liknande)

2.
5 push ups
10 squat jumps
15 situps
",,2022-07-27 00:00:00.000,2022-08-12 11:30:51.663,cl6jsjxy00006uyo8h2v8fr2e
1311,,RED,UNCLASSIFIED,false,"Red - Intense

A. 4 x E3,5M
6 + 6 DB Bulgarian split squats 3s eccentric
4 - 6 Harop curls or Leg curl on the rower

B. ""D.T""
5 rounds for time:
12 Deadlifts 70/47,5 kg 
9 Hang power cleans 
6 Push jerks
Time cap 15 min
Estimate weight from 70% of 1 RM Push jerk

A. Use DBs on the BSS and strive for hitting the front leg/glute as much as possible. Keep the tempo on both movements. Maybe stay of max effort to save some energy for ""D.T""...

B. Classic ""Hero"" benchmark with a lot grit practice. Make sure to choose weights according to capacity and make sure to hit the correct tempo from the start. For most of us the Hang power cleans is the toughest movement, so maybe break them up from the start. This one will be nasty!",,2022-05-14 00:00:00.000,2022-08-12 11:30:51.662,cl6jsjxy00006uyo8h2v8fr2e
1249,,BLACK,UNCLASSIFIED,false,"Black - Intense skill

A. 4 x E3,5M
3 - 20 m Handstand walk/10 - 30 Shoulder taps or Progression work
1 - 4 Barbell split snatch 

B. 14 min AMRAP
7 Handstand pushups
14 Frontrack backward lunges 50/30 kg or individual weight
7 Chest to bar pullups/Pullups

Scaled alternative
14 min AMRAP
7 Pike pushups 
14 Frontrack backward lunges 30/20 kg
7 Pullups with band/Ring rows

A. On the HS walk make sure to extend the shoulders long before starting to walk. Shoulder taps is a good option to walking for building up strength. Split snatches is a very complex movement which creates a very good foundation for other movements. Getting strong and efficient in this one tranfers to regular snatches, lunge movements, general core stability etc.

B. Intense met-con leaning a little bit more towards the upperbody. Probably break up the Hspu/Pike and CTB/Pullup variation from the start

INTENSE MOBILITY
3 rounds of
50s Back body line hold
50s Grasshopp stretches with holds
3 rounds of
50s L + 50s R Knee over toe split squats
50s Relaxed Kip swings
3 rounds of
90s Jefferson curls
50s Handstand heel pulls
2 rounds of
50s L + 50s R Diagonal stretch
50s Windshield wipers",,2022-05-11 00:00:00.000,2022-08-12 11:30:51.662,cl6jsjxy00006uyo8h2v8fr2e
1250,,GREEN,UNCLASSIFIED,false,"Green - Endurance

36 x OTM
6 - 15 cal Row/Bike or Ski
15 - 30s Top ring support hold/Front leaning rest
4 - 6 L + 4 - 6 R Pistols for quality
10 - 25s L+ 10 - 25s R Star plank/Side plank hold
8 - 12 Barbell row with a supinated grip
20 - 25s L + 20 - 25s R One arm Overhead KB carry

Long endurance work with a good overall load. Make sure to stay in a more comfortable zone if this is your third workout this week or if your shooting a couple of more sessions. 	

GYMNASTICS
A. EMOM 16
2-4 Skin the cat in Bar
6-12 Hips to rings
8-12 Weighted Tuck 2 Hollow -lying down
8-12 Banded Pull Apart

B. For Time: 
21-15-9 
Toes to Bar
Burpee to target

OLY
A. EMOM x 5 
3 Muscle clean, 3 press (empty barebell)
B. E2M x 5 
2 Power Clean, 2 push jerk 80+%
C. E2M x 5 
5-4-3-2-1 Clean pull 90+%
D. E2M x 5 
5 push press 75%

",,2022-05-12 00:00:00.000,2022-08-12 11:30:51.662,cl6jsjxy00006uyo8h2v8fr2e
1252,,GREEN,UNCLASSIFIED,false,"Green - Endurance

2 rounds of (41 min)
6 min AMRAP
400/350 m Row
4 - 8 No pushup Burpee with Box step ups 60/50 cm
8 - 16 Squats
1 min rest
6 min AMRAP
400/350 m Row
8 - 16 Situps
1 - 3 Wall walks
1 min rest
6 min AMRAP
400/350 m Row
10 - 18 Lunges alternating leg forward and back 
5 - 12 Handrelease pushups
1 min Rest

Pace it from the start to stay in the aerobic zone. Target is two rounds on each amrap while maintaining a aerobic pace. 

INTENSE MOBILITY
2 rounds of
15s L + 15s R Skater holds 
15s L + 15s R Pistol holds
15s L +  15s R Lateral Pistol holds
15s L + 15s R Contralateral Pistol holds
3 rounds of
50s Wallfacing toe pulls/Shrugs
50s Weighted pancakes
3 rounds of
15 - 25s One arm hang/50s Two
50s Weighted pikes with shoulder extensions
3 rounds of
50s Front body line pulses/Hold
25s L + 25s R Prone Hip CAR´s
2 rounds of
50s Bridge reach
25s L + 25s R Standing Hip circles",,2022-05-16 00:00:00.000,2022-08-12 11:30:51.662,cl6jsjxy00006uyo8h2v8fr2e
1255,,,UNCLASSIFIED,false,"TEAM
AMRAP 35 min (divide anyhow)
150 m Heavy Sandbag or Medball carry
100 Double unders/Singel unders 2 for 1
75 cal Row, Bike or Ski
50 Handrelease pushups
25 Dumbell thrusters 2 x 22,5/15 kg

STRENGTH
A. 4 x E3M
10 Backrack backward barbell lunges
directly into
5 - 10 High and heavy Wallballs (as high and heavy form allows)

B. 4 x E3M
5 - 10 Pushups with hands on a barbell
directly into
5 Explosive Burpee boxjumps (high)

C. 4 x E3M
5 - 10 Ring rows
directly into
20 - 40 m Heavy sandbag carry

On the Pushups make sure the barbell is not rolling and maybe use extra weight on the back. Touch the chest on the barbell every rep. ",,2022-05-22 00:00:00.000,2022-08-12 11:30:51.662,cl6jsjxy00006uyo8h2v8fr2e
1257,,RED,UNCLASSIFIED,false,"Red - Intense

A. 4 x E3,5M
5 L + 5 R Knees over toes split squats with 3s eccentric 1s hold
5 L + 5 R single leg KB deadlifts alternated with one arm row

B. 7 min AMRAP
9 Toes to bar/Knee raises 2 for 1
11 Dumbell power clean 2 x 22,5/15 kg
13 Push jerk 45/30 kg
3 min Rest
5 min AMRAP
7 Toes to bar
9 Dumbell power clean 2 x 22,5/15kg
11 Push jerk 40/25 kg

A. Make sure to move forward and down on the Kot SS. Upper body stays vertical and the glute of the back leg is slightly contracted. Full R.O.M is key. On the SL KB DL keep both the core and the shoulders stable and don´t rush this movement. 

B. Two short and intense amraps. The reps and the weight on the PJ is lighter on the second one. 

GYMNASTICS
A. 3-4  rounds
5x Hollow to support
3x Kick to Handstand - Tuck down 
5x kipped dips
8x Narrow grip PVC Overhead squats

B. E3M x 6 Alternate between B.1 and B.2 
B.1: 20x HSPU + 50x Double Unders 
(Scaled- 10-15 HSPU + 75 Single Under) 
B.2: 20x Toes to Bar + 15 Burpees 

OLY
A. 5xE2M
1 power clean
3 front squat - 3 s ecc
1 split jerk
B. 5xE2M
1 Hang power clean
1 squat clean
1 jerk
C. 5xE2M
5 push press
5xEMOM
8-10 strict press
",,2022-06-02 00:00:00.000,2022-08-12 11:30:51.662,cl6jsjxy00006uyo8h2v8fr2e
1263,,BLACK,UNCLASSIFIED,false,"Black - Intense skill

A. 4 x E3,5M
3 - 20 m Handstand walk/Progression work
1 - 3 Rope climbs/Floor rope get ups
Scaled variation
10 - 30 Shoulder taps wallfacing/Box shoulder taps
6 - 10 Ring rows with 3s eccentric

B. 12 min AMRAP
5/3 Wall walks
7 Power snatch 60/40 kg or 70% of 1 RM
9 Burpee chest to bar pullups/Burpee pullup
Scaled variation
5 Walk out to pushup
7 Power snatch 40/25 kg
9 Burpee with a jumping pullup

A. On the HS walk make sure to extend the shoulders long before starting to walk. Shoulder taps is a good option to walking to build up strength. On the RC´s don´t stress. It´s more about using the legs by  having a good leg/feet lock.

B. High skill scalable met-con with a lot of upper body work. Scale the movements if necessary but still keep the movements somewhat challenging. ",,2022-06-03 00:00:00.000,2022-08-12 11:30:51.662,cl6jsjxy00006uyo8h2v8fr2e
1267,,GREEN,UNCLASSIFIED,false,"Green - Endurance

36 x OTM
10 - 20 Split jumps/Backward lunges
10 - 20 Abmat Situps
1 - 3 Wall walks/2 - 4 Walk out to pushup
4 - 6 Broad jumps 1 - 2 m
1 - 3 Rope climbs/Floor variation 
4 - 8 L + 4 - 8 R Russian step ups 

On the minute gymnastic endurance with some explosiv leg work. Quality reps all the way through. 

OLY
A. EMOM x 5
5 Hang power snatch (only barebell) 
In 12 min. 
B. 2 Hang power snatch, todays heaviest.
In 12 min. 
C. 1 Squat snatch, 1 OHS, todays heaviest
EMOM x 5
4 Snatch pulls - light weight

GYMNASTICS
A. 5 rounds of: 
4-8 Handstand Wall Scissors
4-8 Negative RMU
1 min Double Under practice

B. WOD: 4 rounds:
12 Handstand plate walk
12 Toes to kettlebell 
20-40 sec High Hang
",,2022-06-09 00:00:00.000,2022-08-12 11:30:51.663,cl6jsjxy00006uyo8h2v8fr2e
1276,,,UNCLASSIFIED,false,"TEAM 	

AMRAP 15 min
15 Synchronized Pullups/Band/Ring row
30 Pushups divide anyhow
60 Squat jumps divide anyhow
At minute 18
AMRAP 15 min
15 Synchronized Deadlifts 100/70 kg or 60% of 1RM
20 Handrelease pushups divide anyhow
25 Wallball lunges divide anyhow 9/6 kg 3/2,7 m/Backward lunges with WB overhead

Two tough amraps with synchronized reps and shared reps. Start with a game plan but also be prepared to change it ...		

STRENGTH
A. 4 x E3M
10 m Frontrack barbell walking lunges
4 - 6 Strict pronated pullups with 3s eccentric
B. 4 x E3M
5 Deficit deadlifts from 5 - 10 cm
6 - 8 Lying DB bench press with 3 s eccentric
C. 4 x E3M
10 m Heavy sled rope pulls
4 - 6 Bar dips with 3s eccentric",,2022-06-19 00:00:00.000,2022-08-12 11:30:51.663,cl6jsjxy00006uyo8h2v8fr2e
1283,,BLACK,UNCLASSIFIED,false,"Black - Intense skill

A. 5 x E3M
2 - 6 Deficit handstand pushups/Mat/Abmat
1 - 4 Clean
Gradually build up the weight

Scaled variation
3 - 6 Pike pushups
5 Cleans (technique)

B. 12 min AMRAP
2 Thrusters 50/30 kg or 60 - 70% of 1 RM
2 Lateral Burpees
2 Chest to bar pullups/Pullups
4 Thrusters 
4 Lateral Burpees
4 Chest to bar/Pullups
6 Thrusters
6 Lateral Burpees
6 Chest to bar/Pullup
and so on...

Scaled variation
12 min AMRAP
2 Thrusters 30/20 kg
2 Lateral burpees
2 Band or Jumping pullups
4 Thrusters
4 Lateral Burpees
4 Band or Jumping pullups
6 Thrusters
and so on...

A. If your doing deficit HSPU start with 10kg plates and build from there. Small steps is essential. On the Cleans work on the technique and only go heavy if your feel confident in allt the positions of the lift. 

B. Very tough met-con with a ascending ladder of three big movements. Probably pace it from the start to because this one will be exponentially harder after a while.  

At Home
A. Core
3 sets of:
20 s Turkish sit up
20 s Hollow hold flutter kicks
20 s Hollow rocks
rest 90 s

B. 3 rounds for time
60 DU/penguin claps/Jumping jacks
50 airsquats
40 walking lunges
30 Lateral burpees
20 Tuck jumps
10 pistols",,2022-07-06 00:00:00.000,2022-08-12 11:30:51.663,cl6jsjxy00006uyo8h2v8fr2e
1251,,YELLOW,UNCLASSIFIED,false,"Yellow - Intermediate

A. 4 x E3M
5 Push press starting at 70% of 1RM
6 - 8 One arm DB rows with 2s eccentric

B. 18 min AMRAP
3/2 Wall walks
9 Box step over with DB carry anyhow 60/50 cm 22,5/15 kg
18 Deadlifts 80/50 kg or 40% of 1RM
30s rest

A. Push press is about finding a good rack position which enables you to use your legs. On the OA BD rows work on the mind muscle connection. Focus on using the lat muscles. 

B. Even thou there is a 30s rest every round make sure to not rush this one from the start. Quality reps all the way through.

INTENSE MOBILITY
3 rounds of
50s Cozzack squats
25s L +25s R One arm Side plank raises
3 rounds of
15s L + 15s R Scissor squat holds
50s Diagonal dead bugs
3 rounds of
50s Elephant walks
50s Reverse Nordics
3 rounds of
50s Pass throughs prone
25s L + 25s R Quadruped leg swing
3 rounds of
50s Bridge wall walks
50s Freestanding calf raises",,2022-05-09 00:00:00.000,2022-08-12 11:30:51.662,cl6jsjxy00006uyo8h2v8fr2e
1254,,YELLOW,UNCLASSIFIED,false,"Yellow - Intermediate

A. 4 x E3M
4 - 6 Ring pushups with 4s eccentric
6 - 8 L + 6 - 8 R One arm Dumbell rows with 2s eccentric

B. TEAM
22 min AMRAP
24 One arm DB snatch 22,5/15 kg
18 Boxjump over 60/50 cm
12 Toes to Bar/Knee raises 2 for 1
6/3 Wall walk/Walk out to superplank

A. Best possible technique on every rep. 

B. Divide this one anyhow. Your goal is to keep moving all the way through with good technique. 

GYMNASTICS
A. 3-4  rounds
5x Hollow to support
3x Kick to Handstand - Tuck down 
5x kipped dips
8x Narrow grip PVC Overhead squats

B. E3M x 6 Alternate between B.1 and B.2 
B.1: 20x HSPU + 50x Double Unders 
(Scaled- 10-15 HSPU + 75 Single Under) 
B.2: 20M Handstand Walk + 15 Burpees 
(Scaled 6-15m HSW or 10-30 shoulder taps + 5-13 Burpees) 

OLY
A. 5xE2M
1 high hang snatch
1 hang snatch
1 snatch balance
B. 5xE2M
1 squat snatch
3 OHS
C. 5xE2M
5 Snatch pull
5xEMOM
8-10 Barbell row",,2022-05-26 00:00:00.000,2022-08-12 11:30:51.662,cl6jsjxy00006uyo8h2v8fr2e
1259,,,UNCLASSIFIED,false,"TEAM ""Murph""

For time:
1600 m Run or Row
100 Pullups/Jumping pullups/Ring row
200 Pushups/Knee pushups
300 Squats/Partial squats
1600 m Run or Row
Time cap 40 min	

In a two person team divide the run/row meters and the reps anyhow. Suggestion might be 4 x 400 m Run/Row, 10 rounds of 10 Pullups, 20 Pushups, 30 Squats and 4 x 400 Row etc. The workout starts and finishes on the same cardio movement. 

INTENSE MOBILITY
2 rounds of
50s Hollow complex
50 L + 50 R Dynamic pigeons
3 rounds of
50s Handstand floaters
50s Horse stance pulses + hold
3 rounds of
50s Arch to hollow on the bar
15s L + 15s R Contralateral squat holds
3 rounds of
50s FHL Calf raises
50s Windshield wipers
3 rounds of
30s Bridge pushups
75s Jefferson curls
",,2022-05-30 00:00:00.000,2022-08-12 11:30:51.662,cl6jsjxy00006uyo8h2v8fr2e
1264,,,UNCLASSIFIED,false,"TEAM

A. 15 min AMRAP
2 L + 2 R Turkish get up 16/12 kg (synchronized)
20 Double KB russian swing 2x16/12 kg (divide anyhow)
30 Frontrack KB squat 2x16/12 kg (divide anyhow)

B. 15 min AMRAP
10 L + 10 R One arm KB snatch 16/12 kg (synchronized)
20 Handrelease pushups (divide anyhow)
30 KB backward lunges 16/12 kg (divide anyhow)

Two intense KB met-cons. Probably break up the non-synchronized movements evenly from the start and after a while be prepared to change the game plan if one of you is a bit stronger than the other. Rest 3 min btw A. and B.		

STRENGTH
A. 4 x E3M
3 - 5 Front squats starting at 75% of 1 RM
directly into 3 jumps in the stairs 3, 4 or 5 steps. Walk down btw the jumps. 
B. 4 x E3M
10 m Heavy sledpush 
directly into
15s of Split jumps high
15s of fast Burpees
C. 4 x E3M
5 Narrow grip bench press
directly into 
20 m Heavy sandbag or heavy atlasball carry",,2022-06-05 00:00:00.000,2022-08-12 11:30:51.662,cl6jsjxy00006uyo8h2v8fr2e
1270,,BLACK,UNCLASSIFIED,false,"Black - Intense skill

A. 5 x E2,5M
1 - 6 Bar muscle-ups/Progression work

Scaled variation
2 - 5 Supinated strict pullups/Eccentrics/Band
2 - 5 Bar dips/Eccentrics/Band

B. 12 min AMRAP
9 Pullups
6 Overhead backward lunges 60/40 kg
3 Strict Handstand pushups

Scaled variation
12 min AMRAP
9 Band pullups/Ring row
6 Frontrack backward lunges 40/25 kg
3 Pike pushups

C. 2 x 
3 Spinal roll forward with squat and a bridge reach
5 Pass throughs with a stick

A. Use a jumping variation from a box on the B mups or work from the hang progessively higher and higher. A combination of both of them can also be used or a band variation.

B. Shoulder intense met-con with strict Hspu. This might requiere a lot of pacing from the start.

C. Make sure to roll down every vertabra and when leaning back squeeze the glutes first. On the pass throughs keep the arms straight and don´t push to hard.

INTENSE MOBILITY
3 rounds of
25s L  + 25s R One arm handstand practice/Progressions
50s Straddle ups
3 rounds of
25s L + 25s R One leg Descent pushups
50s L + 50s R Knees over toes split squats
3 rounds of
50s L + 50s R 4-position lifts
20 - 50s Crane/Spider pose
3 rounds of
50s Pass throughs weighted
50s Bridge circles
25s L + 25s R One leg circles

",,2022-06-08 00:00:00.000,2022-08-12 11:30:51.663,cl6jsjxy00006uyo8h2v8fr2e
1275,,GREEN,UNCLASSIFIED,false,"Green - Endurance

35 x OTM (7 rounds)
1 - 3 Rope climbs
10 - 24 Split jumps/Backward lunges
15 - 30s Ring support or 25 - 50s Front leaning rest (rings)
8 - 12 L + 8 - 12 R One arm russian KB swings
5 - 7 L + 5 - 7 R KB bottom up press/Regular KB press

Endurance gymnastics with a lot of upper body. Pace according to how ""fresh"" you feel and according to how many WODs you have done or will do this week. 

INTENSE MOBILITY
3 rounds of
50s Back body line hold
50s L + 50s R Dynamic pigeon
3 rounds of
25s L + 25s R One leg circles standing
50s Wall heel pulls
3 rounds of
15s L + 15s R Dragon pistol holds
50s Side to side hold on the bar
2 rounds of
50s Sissy squats
50s Elephant walk
2 rounds of
25s L + 25s R Single leg table top lifts
50s Weighted shoulder complex
25s L + 25s R Cozzack squats",,2022-06-22 00:00:00.000,2022-08-12 11:30:51.663,cl6jsjxy00006uyo8h2v8fr2e
1284,,YELLOW,UNCLASSIFIED,false,"Yellow - Intermediate

A. 4 x E2M
10 - 8 - 6 - 4 Deadlifts

B. 4 x E2M
10 - 8 - 6 - 4 Ring pushups

B. 15 min AMRAP
20/16 cal Row
15 Situps
10 Push press 45/30 kg or 60% of 1 RM

A. Touch and go Dls starting from 70% of 1 RM

B. Strict Ring push ups with increased load every round.

C. The sit-ups will bring the heartrate down on most of us so probably push a little bit harder then normally on the row and Push press. 

GYMNASTICS
A. 8min 
4-5 Rope climbs/ legless or practice

B. 3 rounds
5-7 Saw in rings
10-20m Sandbag walk
6-8 Ring dips 
3-6 Strict HSPU 

C. 4 rounds - 30 sec ON/ 15sec OFF
Plank diagonal lifts
Lying Windshield wipers

OLY
5xEMOM
3 Power clean and jerk
5xE2M
1 power clean
2 front squat
1 jerk
5xE3M
4 Front squat 80%
5xE2M
2 Front squat 90%
",,2022-06-23 00:00:00.000,2022-08-12 11:30:51.663,cl6jsjxy00006uyo8h2v8fr2e
1293,,GREEN,UNCLASSIFIED,false,"At HOME
A. 3 rounds:
16 handstand shoulder taps/shouldershrugs/pike shrugs
30 s plank
30s/side sideplank+ rotation
30 s accumulated L-sid
rest 60 s

B. Amrap 10
2-4-6-8-10 osv
Squat jumps
Mountain Climbers
V-ups",,2022-07-20 00:00:00.000,2022-08-12 11:30:51.663,cl6jsjxy00006uyo8h2v8fr2e
1253,,RED,UNCLASSIFIED,false,"Red - Intense

A. 5 x E2M
3 Deadlifts with a new set up on each rep
directly into
3 Broad jumps
Start the DLs from 70% of 1 RM 

B. 6 min AMRAP
5 Power clean 70/45 kg or 70% of 1 RM
9 Toes to bar/15 Knee raises
45 Double unders/Singel unders 2 for 1
3 min Rest 
4 min AMRAP
5 Power clean 60/35 kg
7 Toes to bar/12 Knee raises
35 Double unders/Singel unders 2 for 1

A. Super tight set up on each DL and make sure to perform the broad jumps with control on the landings.

B. Very intense met-con which requiries a good strategy and focus from the start. Can you keep a high pace on the last rounds also?

INTENSE MOBILITY
3 rounds of
50s Hollow V-ups weighted
50s Dynamic pigeons
3 rounds of
50s Sissy squats
50s Lateral swings
3 rounds of
50s Straddle ups
50s Handstand wallfacing shoulder taps
3 rounds of
50s Horse stance pulses
50s Weighted shoulder complex
3 rounds of
20 - 50s Bridge hold
15s Straddle lifts + 30s Pike lifts",,2022-05-18 00:00:00.000,2022-08-12 11:30:51.662,cl6jsjxy00006uyo8h2v8fr2e
1258,,,UNCLASSIFIED,false,"TEAM

A. One attempt each for as many reps as possible in unbroken sets
1. Back squat @ 1,0/0,8 x Bodyweight
2. Deadlift @ 1,5/1,2 x Bodyweight
3. Press @ 0,6/0,4 x Bodyweight
The team with the most amount of reps is the winners :-)

B. 15 min AMRAP 
15/12 cal Row each. One person working
10 Lateral burpees over rower each. One person working
20 Situps synchronized

A. Safety first and make sure to move all the way through. No pause when the set has started.

B. Fast transitions is the key.

STRENGTH
A. 4 x E3M
3 - 5 Back squats 
directly into
8 - 10 m Heavy sled drag
B. 4 x E3M
5 Push press with 1s hold on the tops
directly into
3 Broad jumps with controlled landings
C. 4 x E3M
4 - 6 Bench press with 3s eccentric
directly into
3 - 6 Pushups with clap/Fast pushups
",,2022-05-29 00:00:00.000,2022-08-12 11:30:51.662,cl6jsjxy00006uyo8h2v8fr2e
1261,,GREEN,UNCLASSIFIED,false,"Green - Endurance

35 x OTM
8 - 14 Boxjump over 60/50 cm
40 - 50s Farmers carry KB or DB
10 - 20 m Walking lunges
10 - 20 m Bear crawl
10 - 15 Barbell rows 25 - 60 kg

Seven rounds of five different movements. Can you keep it in the green zone and somewhat more aerobic than anaerobic?",,2022-06-04 00:00:00.000,2022-08-12 11:30:51.662,cl6jsjxy00006uyo8h2v8fr2e
1266,,,UNCLASSIFIED,false,"TEAM 
""Fight Gone Bad""
AMRAP 3 rounds
2 min Wallballs 9/6 kg 3/2,7m
2 min Sumo deadlift high pull 35/25 kg
2 min Boxjumps 60/50 cm
2 min Push press 35/25 kg
2 min Row for cals = reps
1 min Rest

Divide the reps anyhow, communicate and speak out the reps loud. Your goal is to keep the tempo up all the way through. When shifting high-five each other. 		

STRENGTH
A. 4 x E3M
8 Barbell backward lunges
directly into
3 One leg broad jumps on each leg
B. 4 x E3M
8 Russian 2 x KB swings heavy 
directly into
5 High Squat jumps
C. 4 x E3M
4 - 6 Ring pushups with 4s eccentric
3 - 5 Supinated pullups 4s eccentric",,2022-06-12 00:00:00.000,2022-08-12 11:30:51.663,cl6jsjxy00006uyo8h2v8fr2e
1272,,BLACK,UNCLASSIFIED,false,"Black - Intense skill

A. 12 min 4 - 5 x 
1 - 5 Strict Ring muscle-ups/Progression work
or 
Scaled variation
2 - 5 Supinated strict pullups/Eccentrics/Band
2 - 5 Bar dips/Eccentrics/Band

B. AMRAP 3 rounds of
1 minute Chest to bar Pullups/Pullups
1 minute Power snatch 45/30 kg or 60% of 1 RM
1 minute Burpee boxjumps 60/50 cm
1 minute DB power clean 2 x 22,5/15 kg
2 minute rest 

Scaled variation
AMRAP 3 rounds of
1 minute Band pullups/Ring rows
1 minute Power snatch 30/20 kg
1 minute Burpee box step ups 
1 minute DB power clean 2 x 15/10 kg
2 minute rest

A. If you still haven´t got the strict muscle-up practice the strength and technique on that. A good alternative is also to work on the strict strength requirements for the movement. 

B. Long and intense met-con with big movements. Probably pace a bit from the start to stay somewhat even when it comes to the amount of reps your doing. ""	

GYMNASTICS
A. 8 min HS walk practice/Progression work

B. E 90 sec x 12
5+5 KB Windmills 
1-3 Skin the Cat
Max Handstand Tuck hold - WF
10-20 Single Leg Toes To Bar

C. Tabata Barbell rolls
Forward
Backwards 

OLY
A. 5 x EMOM
3 Power Snatch
3 OHS
B. 5xE2M
1 High hang power snatch
1 Hang power snatch
1 Squat snatch
C. 5xE2M
1-3 Hang snatch
D. 5xE2M
5 Snatch Deadlift

",,2022-06-16 00:00:00.000,2022-08-12 11:30:51.663,cl6jsjxy00006uyo8h2v8fr2e
1281,,YELLOW,UNCLASSIFIED,false,"Yellow - Intermediate

A. 4 x E3M 
3 Front squats with 3s eccentric 3s hold
and
5 L + 5 R One leg KB deadlifts

B. 4 rounds for time:
500/450 m Row
25 Thrusters/Front squat 30/20 kg
15 Burpees over rower 
Time cap 20 min

A. Make sure to stay upright on the FS and maybe use a wedge below the heels for that. 

B. Long intermediate met-con with light thrusters. Pace every movement from the start",,2022-06-18 00:00:00.000,2022-08-12 11:30:51.663,cl6jsjxy00006uyo8h2v8fr2e
1288,,RED,UNCLASSIFIED,false,"Red - Intense

A. In 12 min 4 - 5 sets x 5 reps
5 Back squats 
Start from 70% of 1RM and increase the weight btw 2,5 - 5 kg each set
Rest minimum 90s btw each set

B. 12 min AMRAP ascending ladder
2 Wallballs 9/6 kg 3/2,7 m
2 x 5 m Shuttle run
4 Wallballs
4 x 5 m Shuttle run 
6 Wallballs
6 x 5 m Shuttle run
8 Wall balls
8 x 5 m and so on...

A. Tight set up on each rep and brace harder as the weight increases. 

B. Draw a line right behind 1,5 m from the wall and the next line another 5 m back. Touch the hand on the floor on each shuttle run. 	

At HOME
A. 2-3 rounds
30 alternating cossack squats -
30s kneeling thoracic twist on each side -
30s shoulder flexion pulses -
30 s crab extension
Do this before the workout

B. 5 Rounds For Time:
100m Odd-Object Carry
30 Odd-Object Swings
30 Odd-object ground to overhead",,2022-07-22 00:00:00.000,2022-08-12 11:30:51.663,cl6jsjxy00006uyo8h2v8fr2e
1298,,RED,UNCLASSIFIED,false,"Red - Intense

A. 4 x EMOM
1 - 2 Clean pull + 1 - 2 Power clean

B. 4 x E2M
1 - 3 Power clean

C. 5 min AMRAP
5 Power clean and Jerks 70/45 kg or 70 - 75% of 1 RM
5 Burpee boxjump over 75/60 cm

Rest for 3 minutes
and then

D. 4 min AMRAP
4 Power clean and Jerks 60/40 kg or 60 - 65% of 1 RM
4 Burpee boxjump over 60/50 cm

A. New set up on each rep and full focus on the technique. 

B. Powerfull hip knee extension, shrug hard, fast elbows and feet. 

C. Short heavy and intense. Probably go for singles on the second round and onwards. 

D. Short and medium heavy. Notice that the height of the BBj overe is lower in this set. 

Solid at Home
A. 3-5 Sets:
12 Weighted Cossack Squats (goblet hold)
24 Jumping Lunges
12 Cossack Squats (unweighted)
Rest 2:00 between rounds.

B. 4 rounds:
ca 40 m hill sprint/staircase run straight in to:
10 jumping lunges
walk down.

rest 2 min, then

C. 4 rounds:
40 m hill sprints/staircase run
5 squat jumps for max height
walk down",,2022-07-28 00:00:00.000,2022-08-12 11:30:51.663,cl6jsjxy00006uyo8h2v8fr2e
1306,,YELLOW,UNCLASSIFIED,false,"Yellow - Intermediate

A. 4 x E3M
4 Pause front squats 32x1
directly into
2 - 3 Hamstring walk outs on the heels

B. 18 min AMRAP
18/15 cal Row, Bike or Ski
9 Burpee lateral over rower
18 Sit-ups

A. Use lifting shoes or a extra wedge/plate under the heels to stay in a sound upright position during the Pause FS. Small step on the walk outs.

B. Use the sit-ups as your recovery and find your own pace from the start. ",,2022-08-18 00:00:00.000,2022-08-12 11:30:51.664,cl6jsjxy00006uyo8h2v8fr2e
1256,,GREEN,UNCLASSIFIED,false,"Green - Endurance

35 min (5 rounds)
20 - 30 cal Row, Ski or Bike (2 min)
10 - 20 Step ups 60/50 cm (1 min) Optional with DB
15 - 30 Sit-ups (1 min) Optional with Abmat
75 - 200 Singel unders (2 min)
15 - 45 s Supinated pullup hold/Band/Ring row hold (1 min)

Go easy today if you did yesterdays and/or mondays workout and if you want to keep this session in the aerobic zone. Transition when there is 10s left of the window. 

INTENSE MOBILITY
3 rounds of
50s Back body line pulses
25s L + 25s R Side plank rotations
3 rounds of
50s Teardrop squats
50s Pass through weighted
3 rounds of
25s Hamstring walk outs + 25s Hip thrust hold on toes
50s Handstand arch hold
3 rounds of
15s L + 15s R Dragon squat hold
10 - 20s L + 10 - 20s R One arm scap pulls/Hang/Two hands
3 rounds of
50s Bridge wall walks
50s Russian baby makers",,2022-05-25 00:00:00.000,2022-08-12 11:30:51.662,cl6jsjxy00006uyo8h2v8fr2e
1262,,YELLOW,UNCLASSIFIED,false,"Yellow - Intermediate

A. 5 x E2M
1 - 5 Hang power snatch
Build up weight starting at 60% of 1 RM

B. 50 - 40 - 30 - 20 - 10 reps for time:
Walking lunges forward and in any direction
Sit-ups (with abmat is optional)
Dumbell deadlifts 2 x 22,5/15 kg
Push press 30/20 kg or 40% of 1 RM
Time cap 24 min

A. Explosive hang power snatches with focus on control and technique. Increase the weight and decrease the reps every set if your technique is on point.

B. Long high rep intermediate met-con with four different movement patterns. Don´t rush from the start and make sure to move well all the way through. ",,2022-05-21 00:00:00.000,2022-08-12 11:30:51.662,cl6jsjxy00006uyo8h2v8fr2e
1269,,RED,UNCLASSIFIED,false,"Red - Intense

A. 5 x E2,5M
5 Back squats starting at 70% of 1RM
directly into 
3 High boxjumps

B. 4 min AMRAP
Clusters 60/40 kg or 70% of 1 RM/ Power clean and jerk
1 min Rest
4 min AMRAP
Burpee CTB/Pullups/Jumping pullups
1 min Rest
4 min AMRAP Lunge Wallballs 9/6kg 3/2,7m 

A. Go heavy today if the technique feels good. Safety first thou. On the Bjs make an effort to jump as high as possible on every rep. 

B. Short but intense amraps with big movements. Find your own pace and finish strong on every movement.",,2022-06-11 00:00:00.000,2022-08-12 11:30:51.663,cl6jsjxy00006uyo8h2v8fr2e
1277,,,UNCLASSIFIED,false,"TEAM	

A. 15 min AMRAP
10 Chest to bar pullups/Pullups/Eccentric/Ring row
15 KB frontrack squats 2 x 24/16 kg or Individual weights
20 Sumo deadlift high pull 50/35 kg 

B. 15 min AMRAP
30 Wallballs 9/6 kg 3/2,7 m
15 Singel arm Devils press 22,5/15 kg
10 Power snatch 50/35 kg

Divide these two high intensity pieces anyhow. Can you move well with good technique all the way through?		

STRENGTH
A. 4 x E3M
1 - 3 Rope climbs
10 - 20m Heavy sled push
B. 4 x E3M
5 Narrow grip bench press starting at 70%
5 + 5 One leg KB deadlift with a one arm row on every rep
C. 4 x E3M
20 - 30m Heavy farmers carry
5 Sandbag/Medball over shoulder clean",,2022-05-15 00:00:00.000,2022-08-12 11:30:51.663,cl6jsjxy00006uyo8h2v8fr2e
1280,,BLACK,UNCLASSIFIED,false,"Black - Intense skill

A. 5 x E3M
3 - 20 m Handstand walk/Progression work
1 - 3 Rope climbs/Floor rope get ups

Scaled variation
10 - 30 Shoulder taps wallfacing/Box shoulder taps
6 - 10 Ring rows with 3s eccentric

B. 21 - 15 - 9 reps for time;
Handstand pushups
Power snatch 45/30 kg kg or 50 - 60% of 1 RM
Time cap 12 min
 
Scaled variation
21 - 15 - 9 reps for time;
Pike pushups (should be heavy and far from unbroken)
Power snatch 30/20 kg
Time cap 12 min

A. On the HS walk make sure to extend the shoulders long before starting to walk. Shoulder taps is a good option to walking for building up strength. On the RC´s don´t stress. It´s more about using the legs by having a good leg/feet lock.

B. Technique and shoulder intense met-con. Probably break up the Hspu or Pike pushups more than you think from the start.

Solid at Home
A.
Squat routine complex
https://www.youtube.com/watch?v=lbozu0DPcYI&t=30s

B.
21­-15-­9 reps of:
Pullups
Pushups
Squat jumps to target

*Segmented Fran (sort of).
Find a pull option if you don't have a pull up bar.",,2022-07-14 00:00:00.000,2022-08-12 11:30:51.663,cl6jsjxy00006uyo8h2v8fr2e
1289,,BLACK,UNCLASSIFIED,false,"Black - Intense skill

A. 4 x E3,5M
1 - 5 Strict Ring muscle-ups/Progression work
or 
Scaled variation
2 - 5 Supinated strict pullups/Eccentrics/Band
2 - 5 Bar dips/Eccentrics/Band

1 - 3 Squat snatches or Power snatch + Overhead squat

B. ""Amanda""
9 - 7 - 5 reps for time;
Ring muscle-ups
Squat snatch 60/42,5 kg or 60 - 70 or 1RM
Time cap 12 min

Scaled variation
15 - 12 - 9 reps for time;
Chest to bar pullups/Pullups/Band pullups/Jumping pullups
Power snatch 45/30 kg
Time cap 12 min

A. If you still haven´t got the strict muscle-up practice the strength and technique on that. A good alternative is also to work on the strict strength requirements for the movement. Go a bit easy on this part if your aiming for good time on Amanda.

B. Old school benchmark with a lot of technique and strength. The plan on how to break up or not all depends on your capacity. If your not a real Muscle -up and Squat snatch ""Ninja"" probably break both movements up in small sets. The combination of Muscle-ups and Snatches is very shoulder intense. If your doing the scaled variation also make a plan to break up according to capacity.

Solid at Home
EMOM 30 min
1. Jumping jacks
2. Bear crawl 10-20 m
3. shuttle run 10 m
4. TGU alternating sides
5. Odd object swings
6. Handstand hold/kick ups",,2022-07-19 00:00:00.000,2022-08-12 11:30:51.663,cl6jsjxy00006uyo8h2v8fr2e
1296,,,UNCLASSIFIED,false,"TEAM	

For time:
""Cash in"" 400m Partner or Heavy sandbag/Ball carry
150 Wallballs 9/6/3 kg and 3/2,7 m
125 Deadlifts 100/70 kg or 60 - 70% of 1 RM
100 Barfacing Burpee 
""Cash out"" 400m Partner or Heavy sandbag/Ball carry

Time cap 35 min (If your done before 30 minutes finish of with Amrap Barfacing burpees until that point.) 	Divide anyhow. 	

Solid at HOme
AMRAP 14:
20 Ground to overhead, odd object
40 lateral jump over odd object
20 Burpees
40 high knees on the spot


STRENGTH
A. 4 x E3,5M
5 Deadlifts heavy with deadstop
25 - 30s L + 25 - 30s R OH KB carry
B. 4 x E3,5M
8 Seal rows with Barbell or KBs heavyish
5 Ring or Bar dips with 3 - 4 s eccentric/Eccentric
C. 4 x E3,5M
20 - 30 m Heavy sandbag/ball carrry
20 - 30s L-sit hold/Tuck hold
20s L + 20s R Side plank hold
",,2022-08-06 00:00:00.000,2022-08-12 11:30:51.663,cl6jsjxy00006uyo8h2v8fr2e
1310,,,UNCLASSIFIED,false,"TEAM

A. 2 rounds for time:
40 DB box step overs 2 x 22,5 kg divide anyhow
30 Strict pullups partner assisted is ok and divide anyhow
20 Ground to overhead 2 x 22,5 kg (snatch or cl. and jerk) divide anyhow
10 Wall walks/Walk out to pushup divide anyhow
Time cap 18 min

At minute 20
B. 2 rounds for time:
40 Boxjumps alternating
30 Ring rows divide anyhow Scaled leaning 45 degrees
20 Shoulder to overhead 2 x 22,5 kg (jerk or push press) divide anyhow
10 Devils press divide anyhow

C. 1 rounds of (5 min)
45s Couch stretch L/R
45s Pigeon stretch L/R
45 Scorpion stretch L/R

At Home
A. Mobility
2 - 3 rounds of
8 Straddle goodmornings with 5s hold on the last rep
https://www.youtube.com/watch?v=ynyI-fBDdsI
5 Shoulder Nixon complex
https://www.youtube.com/watch?v=d9_1Eic9rEI&t=

B. Strength
5 rounds of
1 - 3 reps Wallclimb (controlled tempo)
10s Pistol hold with 5s eccentric L
10s Pistol hold with 5s eccentric R
10 - 30s Supinated pullup hold/10 Rubber band pull
Rest for 30s btw movements

STRENGTH
""CrossFit Total""
A. In 20 min build up to a heavy 1RM or 1HS (heavy singel) Back squat        
B. In 10 min build up to a heavy 1RM or 1HS Press        
C. In 15 min build up to a heavy 1RM or 1HS Deadlift
Score combined weight of the three best lifts

D. 1 rounds of (5 min)
45s Couch stretch L/R
45s Pigeon stretch L/R
45 Scorpion stretch L/R",,2022-07-09 00:00:00.000,2022-08-12 11:30:51.663,cl6jsjxy00006uyo8h2v8fr2e
